dataset_id,KM_CH,KM_Sil,KM_Dunn,KM_Gamma,KM_Tau,KM_DB,KM_XB,KM_SD_Scat,KM_SD_Dis,KM_RT,WA_CH,WA_Sil,WA_Dunn,WA_Gamma,WA_Tau,WA_DB,WA_XB,WA_SD_Scat,WA_SD_Dis,WA_RT,AA_CH,AA_Sil,AA_Dunn,AA_Gamma,AA_Tau,AA_DB,AA_XB,AA_SD_Scat,AA_SD_Dis,AA_RT,GMd_CH,GMd_Sil,GMd_Dunn,GMd_Gamma,GMd_Tau,GMd_DB,GMd_XB,GMd_SD_Scat,GMd_SD_Dis,GMd_RT,GMf_CH,GMf_Sil,GMf_Dunn,GMf_Gamma,GMf_Tau,GMf_DB,GMf_XB,GMf_SD_Scat,GMf_SD_Dis,GMf_RT
6,361.5968926053697,0.15240891144470625,0.05123155195785594,0.8404858958750404,0.8395671229799985,1.6221082714016395,30.577923393780125,0.4023387090939976,5.576625306655447,1.3745681149571678,308.5745109359198,0.1186406718965065,0.0978231976089037,0.7921876792781379,0.7912366988298111,1.8268398514210338,8.443103547941057,0.45440283849820046,6.740610513450909,1.8911277239662219,215.98792881065197,0.09922036353310759,0.08295018954139968,0.7158394085059756,0.7148161460617815,1.3625492722263823,13.769330663626445,0.4479594571594172,4.697092656708533,1.137154764682374,304.846648153559,0.10153534006586205,0.04944681764341486,0.7807032341587439,0.7797445141033965,1.9430889082461553,34.022309516483325,0.4859197754991856,8.118953550109417,2.512488633124126,224.17899047464337,0.0818819612075244,0.03901371573204351,0.6757848012040398,0.6748813258904758,2.3531424344520753,40.50835802372022,0.5791512195465105,12.122005313825513,7.721899794794039
11,136.8272049370018,0.17432194368312567,0.14285714285714285,0.48130582824075796,0.46505112268180987,1.690818662043829,5.555714285714285,0.7706341813286924,2.258572730682638,0.7682923817755277,126.51851068330868,0.1629082405581616,0.14285714285714285,0.46521182541343326,0.4494732552158165,1.7673966725036658,5.686616541353383,0.7937836585755195,2.409900730399298,0.8581329591090276,133.13799218270887,0.1687687824291085,0.14285714285714285,0.47005277240660465,0.4542263690250769,1.7465133196821665,5.6018625827814565,0.781129514845385,2.5999856178407303,0.9001260733244237,133.28571428571428,0.16903385826863765,0.14285714285714285,0.47038721751591106,0.45455431297022514,1.7429187229834142,5.6,0.7809334695024032,2.5915232586774564,0.8959999999999999,127.1141083631031,0.16217093645150776,0.14285714285714285,0.47165896842668975,0.4556169970192692,1.7544717847031064,5.678885825648826,0.7907585041820925,2.386098830235966,0.8424841895761586
12,263.8154853967236,0.1806209095946546,0.13698717702380314,0.8345663122670438,0.8345663122670438,1.7605184913147198,6.099758342593391,0.489664705587669,1.0229061944486368,1.3108772603938033,235.64989697410985,0.17425875409819924,0.15734826674903382,0.8183965621634616,0.8183965621634616,1.8684811330859492,3.9932115316317547,0.5504004504358198,0.854008574914507,1.060824744762391,177.2422274807534,0.1768082597494019,0.15834342924764072,0.7742115295032337,0.7742115295032337,1.4253337545462617,4.521335268902538,0.5689730161045752,0.7349898402191821,0.7887757283482851,253.5679344995686,0.17587132877051642,0.135132853917678,0.8355748203333315,0.8355748203333315,1.824048821590225,6.259071102897261,0.5281838065976093,1.0377053813486892,1.3590136583975299,261.35281789384555,0.18347232008731557,0.14440985844653548,0.8516573946298227,0.8516573946298227,1.7134543940150722,6.13089367881779,0.5055542267692167,0.9962603055061522,1.2645961392383296
14,108.41618193757458,0.08843592236083285,0.1579271981640351,0.6533519632129372,0.6533519632129372,2.695433886542867,4.837611985349397,0.7186537399237236,2.179745457235275,2.167919540080374,99.88156409871148,0.07293814693061554,0.23481507490962084,0.5530571504766085,0.5530571504766085,2.9197244556798014,1.9709540262177698,0.7032691343387044,2.3079539257928743,2.5753718209405627,9.201985903624367,0.07488508934083485,0.3372121820786432,0.5901735869193053,0.5901735869193053,1.612976191645308,1.3934892388158138,0.8692995744995891,1.4207649121385062,1.5346196647106607,103.23105037613136,0.07472148803363306,0.1497911630006405,0.5829193439081757,0.5829193439081757,2.9476263569795647,4.679837788860167,0.7059250954013442,2.3250567017138986,2.650386288760715,106.10364133253927,0.08315029585849558,0.16712246565393674,0.6282273026069091,0.6282273026069091,2.789385466443728,4.113438252467727,0.7060874738623943,2.293616691730291,2.5454847212590876
15,1026.2623876670816,0.5967981179111459,0.15544635336100424,0.9349951228702145,0.9346207527912976,0.757258563025291,2.176278163877124,0.5260921513584272,1.3028076252553502,0.14820857451200786,913.5132098983546,0.5690540476621256,0.1103354568734741,0.8690980221929222,0.8685526311351373,0.7879554654917937,4.327448098347452,0.5390282031218271,1.3700480467305018,0.17549166457073312,958.1066359188977,0.5884747098422658,0.17220347337908745,0.934007436312123,0.9336203712132751,0.775948024541186,1.6371117130139736,0.5477909434113819,1.2999550597637615,0.15369597281185693,723.2414342938652,0.5180729985898153,0.03883678186903086,0.7678842599840453,0.7666251920352106,0.8571417196624278,34.396657815499076,0.5773057581479956,1.4670631158529854,0.22849086017717848,474.73632539379264,0.4082219305343175,0.03883678186903086,0.5479661059225869,0.5458093557642008,0.9910633544208425,41.79258801897925,0.6179663878741903,1.666455861250771,0.3582134478986553
16,89.4595980770249,0.09034160289931543,0.18266569281617231,0.6936151802208933,0.6936151802208933,2.6522186339521494,5.988863961667919,0.7198458743804097,2.311085704747897,2.44737226198713,81.17382048049294,0.07944656105064087,0.2693131619277518,0.6066603458252809,0.6066603458252809,2.6864769550558907,2.444569722891549,0.7277516969114505,2.191143097829351,2.1941979445566346,25.27042120513856,0.02435704083093881,0.34921856684565383,0.4257294687690355,0.4257294687690355,2.1454576039960287,1.7675541455500112,0.8146400886046454,2.1572721148953162,2.45017446201597,86.30483839502551,0.07918563923869293,0.2397595285504729,0.6583905122128512,0.6583905122128512,2.7372121346763216,3.2220659880062783,0.721178803914031,2.6676284011239035,3.052496739640863,86.97245950847847,0.08472810689542921,0.18266569281617231,0.678941960819655,0.678941960819655,2.6824974117181286,6.0372116697618186,0.7259038758401642,2.5115209455008976,2.838751891282241
18,4160.041384154382,0.5356510500225047,0.01699239267505035,0.964728868860779,0.964728868860779,0.7034022387687446,69.53884623953559,0.05842373321208649,10.782660824541258,0.295442258408871,3855.54161655029,0.5173392395947733,0.01695968727250911,0.9551661269338265,0.9551661269338265,0.7034767072878596,58.43368078495241,0.05959469236460734,9.524183450686412,0.24208128312587912,1347.680499578155,0.4064751873776561,0.02440273909129089,0.9099988609930826,0.9099988609930826,0.6522132132763393,73.98518205232433,0.09084204994187733,5.579903298035172,0.2780711022790365,3375.456458169061,0.5268899149545915,0.012137815794732923,0.9621835295021346,0.9621835295021346,0.7992446839324792,100.82438222813285,0.08953955188734633,8.452956846551318,0.2435037161606718,1776.0170216770061,0.4477530124726811,0.006189915977732585,0.8904056995875477,0.8904056995875477,1.261666508457664,513.8258617365086,0.19977179663427003,8.382176507378599,0.47120742430149165
22,241.30893241990006,0.1519572365240931,0.1006949763902389,0.7680740850290992,0.7680740850290992,1.8393016175480472,7.856706615828534,0.5215759859006183,2.318772729769584,1.1387501427746738,206.75998772040683,0.12320153392621634,0.1565557047166302,0.700813784322394,0.700813784322394,1.9199477611300755,3.526743094699745,0.5674677230491433,2.4231727673771437,1.3737247763756832,90.342774372571,0.12213243542977611,0.16834652587629326,0.6492637392069279,0.6492637392069279,1.1406984253320818,3.991343540069355,0.5577540536279826,1.3022299097946346,0.7978920296810293,220.27835812285335,0.11700204278278768,0.09687912464821388,0.7309370157561577,0.7309370157561577,2.114547709763227,8.892224435110307,0.5932916575454817,3.1090716848355733,2.3048495940945273,215.44654674824358,0.13647109248251382,0.12028437370829327,0.7221427159123646,0.7221427159123646,1.991458644254513,5.832204744166943,0.5563134113665289,2.734678196778418,1.6849567524647953
23,1989.5777770238647,0.422885655552892,0.02981423969999717,0.7987900132798742,0.7971853659296477,0.8795082986716639,24.626711706890397,0.28541342083522564,7.603971635667088,0.24055873245732248,1639.6160904509588,0.3571367364089883,0.029450003202688,0.7370706862747702,0.7354474747007639,1.0508671314239244,28.25610072617027,0.3051983235385481,8.525848867617873,0.35670037251629516,876.1235814540152,0.4626862778318489,0.035357324511712876,0.7371686371015105,0.735854309056468,0.595367328918668,41.64633440298402,0.4535958267941034,4.63453310012815,0.17771948175462665,1907.3409116410478,0.41750616270870755,0.029450003202688,0.7885847760878221,0.7868930126232896,0.8717937392190521,25.393162230567608,0.30293917170355467,7.455005736803664,0.23915442602313233,1910.1315252624097,0.41986482442289663,0.029450003202688,0.796602871202362,0.7949801741729605,0.8928312070074326,25.366372445737095,0.30823501122315405,7.393984551089126,0.23497509833595628
28,463.8076212358029,0.18686078710765114,0.15791017174776795,0.8325895948319662,0.8325864800730158,1.8496474758331065,5.79314321059789,0.5978689606854317,0.9654431289626517,1.131521954808267,433.177724054862,0.17405645689924876,0.20867454587061976,0.7896419163945376,0.789638837671594,1.8976811016626627,3.077047603895022,0.6127512375149008,0.9872979545366825,1.1754299883652803,250.7908713396999,0.11134014724187209,0.1806017353315121,0.6269759641974006,0.6269727228084504,1.7546869457593683,4.671142673928405,0.6723857213936573,1.2464067088280701,1.7240194539785065,398.0952940079521,0.15083270098089172,0.07078360939458037,0.7184834441348605,0.7184802832372069,2.2125811942228184,25.24398090985298,0.6148365821059686,1.1891313806921837,1.7143872907709046,427.59312943991773,0.1678090830266468,0.1353313518485171,0.7720237552364415,0.7720203757560119,2.065424369960386,7.354291795037497,0.610351352615266,1.0925817412916792,1.481466953219185
29,273.15563356380017,0.41341529413327743,0.03173586931751864,0.7301105919185265,0.7301105919185265,1.3081393136228612,27.78021380520828,0.9976080531454276,4.930900054061989,0.40145315434851164,204.48803097192618,0.3497872704905406,0.021380739261703672,0.5462863129085044,0.5462863129085044,1.4225601568917239,55.77396675400952,0.9240256392431558,5.897410243029013,0.6196593929879338,22.12350987453903,0.7289987246703017,0.39425509937257375,0.9972562895598449,0.9972562895598449,0.1853465771222183,0.2316306135790437,0.976027899469917,1.412529971325945,0.044997381073547026,124.59386180498024,0.27889471092274665,0.023853985179154918,0.4674112166446094,0.4674112166446094,2.0531185429786385,39.07715852291117,1.1031041531273407,7.306040605005661,1.04738166282416,123.9515336094837,0.2763210640576495,0.023853985179154918,0.4563164586641411,0.4563164586641411,2.0506423646358383,39.10901373182761,1.1076889205607492,7.295878213219791,1.0453214013523155
31,326.9267924686274,0.36617126960046925,0.49470331766077497,0.8257151302040205,0.8257151195292273,1.2195283406278163,0.4059125148387603,0.8374832370538633,1.984928058970099,0.39982360886663476,326.9267924686274,0.36617126960046925,0.49470331766077497,0.8257151302040205,0.8257151195292273,1.2195283406278163,0.4059125148387603,0.8374832370538633,1.984928058970099,0.39982360886663476,4.353244618953058,0.39620137921387877,0.3160007548650086,0.9010648699576104,0.9010648699576104,0.4578232546371812,1.2233780733306832,0.9970129711061755,1.3066717186721621,0.2290250347199133,326.9267924686274,0.36617126960046925,0.49470331766077497,0.8257151302040205,0.8257151195292273,1.2195283406278163,0.4059125148387603,0.8374832370538633,1.984928058970099,0.39982360886663476,326.9267924686274,0.36617126960046925,0.49470331766077497,0.8257151302040205,0.8257151195292273,1.2195283406278163,0.4059125148387603,0.8374832370538633,1.984928058970099,0.39982360886663476
32,1278.185072207393,0.3178625837237807,0.04230892387951906,0.9274273422768955,0.9274238215241598,1.2501001973114332,48.25032818565026,0.3409401685445095,1.9782450529174445,0.6245500416505702,1174.133702185895,0.29609757229977895,0.055781187043539036,0.9040691698657685,0.9040652747989644,1.2391813964289642,26.877917264942795,0.3500840020864851,1.8698610152668438,0.5722088776764915,780.4222676020669,0.27592339522212755,0.08097642071435741,0.848471052256936,0.8484660949364043,1.0473290851115213,14.065199084756001,0.37689699239465835,1.4736255479045157,0.5193062527961178,895.6063603846791,0.20527130897158313,0.03396430802293488,0.7227066140400862,0.7227015537516714,1.727979490014976,60.98060518064465,0.3931101625443362,2.8867709674825504,1.599828917967964,1009.8419703734737,0.25577933559779986,0.0479034906357382,0.835230074193025,0.8352258603135878,1.6842865696226235,28.416454819338327,0.4021910700690942,2.27582013102776,1.0863464683388486
37,237.1104077454764,0.2611461114961497,0.07192076197618372,0.5546696571226678,0.5546696571226678,1.6080911012982804,10.600303659178746,0.7909793032987537,4.252039715656437,0.7136470295226646,197.17303372552624,0.21956162367947354,0.08115323337306717,0.44820047051415657,0.44820047051415657,1.7764941412785606,8.588475006629466,0.8239160179345794,4.660715381595762,0.8929731981287634,5.000071445627824,0.44374417365531665,0.37903373384600836,0.931603411188193,0.931603411188193,0.41925148318609007,0.49183777535535816,0.9948239354112526,1.9695688356214223,0.19921658153765462,170.07406135854566,0.18301781043733192,0.04704257018489602,0.33458080366835885,0.33458080366835885,1.936705198877052,29.237892354649716,0.8504349914753536,5.154370826937811,1.1237732335155128,187.51916918316067,0.19511270355965382,0.04461571698930207,0.3717104956204025,0.3717104956204025,1.8729231813128542,28.702970560546404,0.8413089826079484,4.9542905788897516,1.0192274139361523
44,457.8687880829046,0.6770211446051831,0.09894982643972515,0.964669674420395,0.964669674420395,0.5817723363923325,3.113576880386119,2.350644840024192,1.3119889412682906,0.0715250118667732,456.8140227884438,0.6724565217221017,0.10320317260669709,0.9584290602422704,0.9584290602422704,0.5974068847438913,2.8628208111495788,2.414221164304381,1.3329707820999264,0.07384641978643697,14.88705570477465,0.6875151002983877,0.4785003599086085,0.9863288661832049,0.9863288661832049,0.21786283161690756,0.10905462217763162,0.9979543239588328,1.2140814479671627,0.06712865741406751,207.26351478317375,0.16936966052830904,0.0019325528057468262,0.33764643455183224,0.33764643420685775,4.028969661921925,5995.121122671816,1.451086489947594,10.266742519867215,4.60826067027276,167.99026568639297,0.18534499871362597,0.0023933226099330366,0.39244858600349364,0.39244858560489404,4.564547511271279,3941.1369548706193,1.4310857519145372,11.422066474095539,5.750748520384572
54,445.55281611955417,0.25491903719113,0.06693948757547409,0.7447831131371696,0.7447831131371696,1.4606750649821922,14.600013271680279,0.4736283907672659,3.639798483562025,0.7844107347577371,395.5192257226361,0.237806813450678,0.0636588520979264,0.7106869451937882,0.7106869451937882,1.5136191496887803,14.382508477435737,0.491213839094593,4.22147936280908,0.9663510467402858,252.0067446751524,0.3031298557326653,0.10536047161497174,0.7816663000515822,0.7816663000515822,0.9341507167402521,6.6741448085694275,0.5396709197049816,1.8376705411547685,0.3801928755071233,396.9004274764344,0.23594586379965482,0.07385964337744139,0.7061987649602027,0.7061987649602027,1.5215878023837075,11.999402758470097,0.5548310652492917,4.146975797064447,0.9154534796991225,397.4683342025469,0.24862976062984632,0.07078364133540778,0.7052232364939998,0.7052232364939998,1.4232669435659768,13.05402345586879,0.5032209558958681,4.083751049771549,0.9397819332608736
151,2542.419302354525,0.32603797594335227,0.2351734946707974,0.6140723471777598,0.6140723471775383,1.2858345667971405,1.2314496083758701,0.6694669508935372,3.194415504320662,0.45347895248131276,2536.1466901514627,0.32612149631089343,0.23547189648766395,0.6152866830297603,0.6152866830295385,1.288783095678502,1.232474861288858,0.6697727889669789,3.1985691755725814,0.45503755873485346,5.0847007459020945,0.46204729153375557,0.5316002852313119,0.9725522666304118,0.9725522666304118,0.425160396395343,0.3452025610010883,1.0001487595305711,1.713053821476303,0.1965504225210195,2202.7023647483675,0.30541580849269956,0.2369361667872558,0.5227959981730221,0.5227959981728088,1.143691613334053,1.2073820051773578,0.6625436275912033,3.0371765247733644,0.42927443954872185,2047.2399046617138,0.25209238786467875,0.022332053190953428,0.45832816622892464,0.45832816622870104,1.4335379471795073,138.90861511892356,0.6877284037137462,3.4911484263861228,0.5797098255546693
182,3752.603016575914,0.3563383545616544,0.05740549347120425,0.8777988271802963,0.8777988271802963,1.0246835622317203,14.312916228294126,0.23968288465894155,2.6170122229200574,0.36309188288278976,3122.644254230884,0.3131008244213819,0.058794823796325286,0.8119799031820679,0.8119799031820679,1.0999428895413919,11.186524836398545,0.24836509829516493,2.7862185110152526,0.4517251356514313,1801.2819445529105,0.3509610429362188,0.06818049345036616,0.8237421996944593,0.8237421996944593,1.1390124353274125,12.799375954612831,0.40185373640082306,1.7895235828359477,0.3825141076294209,3482.2430400948965,0.3405827416515854,0.05102599465234893,0.8409027906137302,0.8409027906137302,1.0884623093498051,14.187624870809271,0.23779483119773742,2.63563963214051,0.38449870385392454,966.3948930241484,0.09672235514168136,0.04237886025337923,0.49936219984911856,0.49936219984911856,3.504795913800686,27.848603630176882,0.5270799766486324,10.564830806968205,12.653955782276327
188,207.4352605982704,0.28873848976395206,0.11752360792206051,0.8446740885315551,0.8446740885315551,1.3441633912864186,5.888526275972789,0.43324596237192264,2.438285130775682,0.6374394038893557,202.89914944012162,0.28002892070822777,0.1692477804618626,0.8274816875549159,0.8274816875549159,1.4037503453953513,2.8748856799206766,0.4395796534397193,2.6224175308656927,0.7305325322764633,120.07083188400429,0.2509586621259171,0.29769505779790334,0.884619743836169,0.884619743836169,0.9882295291253784,1.4377789988432017,0.460437919260916,1.483962730074894,0.4001882249304143,206.28735646242754,0.28942090290798017,0.17117395560311077,0.8454649488824216,0.8454649488824216,1.336779097150368,2.78447993101184,0.43464740818962083,2.410263155158254,0.6255476843867896,206.28735646242754,0.28942090290798017,0.17117395560311077,0.8454649488824216,0.8454649488824216,1.3367790971503681,2.78447993101184,0.4346474081896207,2.410263155158254,0.6255476843867896
300,198.47552953976842,0.08731149436112302,0.2451708275506822,0.8960309791795567,0.8960309791795567,2.7085028740537873,2.4181744107003484,0.5986531733346337,0.7720036714127223,3.0986985011042987,190.4554490870449,0.07809822556666748,0.24433070879313346,0.8732899014788417,0.8732899014788417,2.8055029420163957,2.0217025231408274,0.6033836426393361,0.8148973723884053,3.4711525562105483,109.95204945929679,0.08734866909956224,0.3198453977836106,0.7735811378917786,0.7735811378917786,1.5803577668932929,1.557628437555607,0.6775526292036977,0.5022280064056956,1.899680513358279,184.23201803933688,0.0680861426313802,0.19016969086683141,0.8489304012351272,0.8489304012351272,2.9402767029223877,3.391466134720725,0.6184499555492043,0.9252446258594219,4.113888476400147,193.01314500132327,0.07812659481295824,0.24484800771333814,0.8426887260172607,0.8426887260172607,2.8187564342208304,2.5608575658108554,0.5835229472520642,0.8989408272972846,3.8957254273804245
307,140.47552554233732,0.18236218586524985,0.05947978650507327,0.8063684104808709,0.8063684104808709,1.6272855621340574,37.52734328178813,0.4464337409548279,4.680247856198161,1.0088478135465335,123.84877222541988,0.1582024910166222,0.13259223070873194,0.7652214680367598,0.7652214680367598,1.5850614238187821,7.286863217089925,0.4661631274786433,4.628476758315851,0.9376210491660978,101.6236364348873,0.14103288806204195,0.09843138365720631,0.7099819569626297,0.7099819569626297,1.429481027665635,13.030859164176974,0.4009020075658538,4.052579737175452,0.8538652116197042,128.64299014815992,0.1602180853918606,0.04993487291092607,0.7547421589168107,0.7547421589168107,1.5677920997402495,43.157819082244146,0.4689362849651867,4.304688572863349,0.9194642821210853,116.82886594917537,0.14716694678427722,0.05218542380704357,0.7318553893755014,0.7318553893755014,1.7329853286655637,37.175188356835214,0.48273462008433987,4.430735378940858,1.0834197158249497
458,100.52636480302588,0.15223987399852773,0.3756927523570997,0.7199996222317965,0.7199996222317965,1.9838931478738846,1.1727731678355262,0.7913767010677483,1.4084003314922564,1.122979290526116,99.86483768277932,0.15123790259684122,0.369393290788795,0.7121224623350784,0.7121224623350784,1.9950578583195004,1.1138722860872128,0.7897614373805799,1.4041502972080175,1.125914695137122,3.456341309226254,0.15498607478075543,0.47224542915770584,0.8334029048071702,0.8334029048071702,0.8675968677331959,0.8473039316274813,0.7341047660306281,0.8578357834309255,0.509119367581459,99.178341279367,0.1498324955357866,0.3693549447583868,0.7056950375558901,0.7056950375558901,2.004330427372353,1.1769535389609855,0.7921112504837196,1.4034530306119892,1.1320998596552587,100.3540492793516,0.15190431859503578,0.3858344069222695,0.7189667838163013,0.7189667838163013,1.986263563397536,1.112435846327338,0.7912936666192278,1.406110927770182,1.1213262854543216
554,188.87356300566415,0.056121684356649805,0.13278228456006824,0.5689027111288179,0.5689026998888299,2.8315451482018306,10.639927435782361,0.8204461963162941,0.41512104275925915,2.394126029150571,161.24106025355516,0.02616751312769068,0.11493749095037474,0.4511689743792835,0.4511689646692766,3.080949326413502,14.117012905637491,0.8092144798782478,0.49364884256235103,3.275916490083857,34.043972377294814,0.07346109284326342,0.30289358730456206,0.5804522948073577,0.5804522845245518,2.0732478791100464,2.306842414182134,0.8712794000514749,0.29125667316306897,1.6862087227190845,115.56818441508018,0.015909095925204092,0.11284266305771476,0.44438111289216997,0.44438110313259205,3.961225310443381,14.931151158746923,0.9261836192014685,0.5767575296945141,4.759867131910813,187.93073255943244,0.054946801706787105,0.1250392990303134,0.5783763061707295,0.5783762946817631,2.8744046638441367,12.690167739857898,0.8231049621367023,0.39657129691372034,2.4656113430154267
1049,438.48057708068325,0.26452425201595753,0.025071533569535523,0.5057227903273103,0.5057227903273103,1.5846157610472091,41.97491471746578,0.8622594693913154,2.562186016989821,0.7651329650223859,427.5584885470954,0.26916427190335984,0.0594019800332124,0.5173161990398842,0.5173161990398842,1.5733070427105986,7.520744334968959,0.9084646908386063,2.5328071277371014,0.7520225891071619,17.66601703882412,0.6930171787675329,0.7383955350677985,0.9994049904705349,0.9994049904705349,0.221892009439079,0.08992395867778741,0.9978970470046921,0.614016826481348,0.05648943536487794,251.3824151665758,0.21792597076368636,0.011891461138975384,0.42916048368338244,0.42916048368338244,1.9994636340270233,207.03345637498828,0.9448327365635619,2.8328398028620505,1.0378127089121973,201.52947032780082,0.22781956859086003,0.02736128449225015,0.4496387361556951,0.4496387361556951,2.048445320752604,40.281678272165614,0.9856958622257214,2.784553438446576,1.0328936610774768
1050,537.4267568484387,0.2886748373804416,0.06628625185270992,0.4546452590046695,0.4546452590046695,1.1741180517176575,4.486650310403391,0.6571675885477387,2.3076129560297614,0.5646944952781042,526.6703964105371,0.28805322507524694,0.11089320090204581,0.45996702686283153,0.45996702686283153,1.202176496973523,1.6113548500608967,0.6739912572781559,2.332241968861209,0.5797846483287418,33.67588760223742,0.773929945072342,0.836159145743019,0.9999987964070178,0.9999987964070178,0.16380438414054294,0.06709164290906867,0.9987859108447309,0.46085994138985253,0.029637865664247743,382.42994143301615,0.2568683798508207,0.01049805317122673,0.5441280892566064,0.5441280892566064,1.8315178239891803,193.14191664566673,0.8969945184421018,2.7759560485004258,0.8823435476978415,378.4840596130621,0.25568745018204986,0.026727349118319876,0.5409198186114405,0.5409198186114405,1.8347631753688034,29.858292951815844,0.895929462065834,2.782974370517039,0.8886149821142847
1053,3539.3587655051338,0.5671307647250303,0.0037105740391574615,0.7677602460562933,0.7677602460562933,0.6408897742288321,243.31550246277487,0.5508322952888566,6.756949692684932,0.18940463195013957,3165.9760034945275,0.5967397033794952,0.007217983704888912,0.8352120866752839,0.8352120866752839,0.5077469182967168,67.24221358065714,0.4357493983999851,5.793352946038579,0.14560323109561965,193.24693446236807,0.8933287953120049,0.504582356271865,0.9996416079010579,0.9996416079010579,0.4843412323381108,0.040202995747218355,6.522434500372505,1.231159736693924,0.010341174754258052,1078.518835981509,0.4673603604323478,0.005705949449418291,0.6140502593150294,0.6140502593145394,1.2963415295659397,144.56555497028893,1.141336298590593,8.636663174552398,0.43476029387403226,969.9933477056394,0.4961344646639307,0.004065309272880422,0.6586569325772487,0.6586569325766501,1.3551265394436962,289.97463084262927,1.2574662047303853,8.313187825825683,0.41012818141586443
1063,272.1847206841398,0.8539054919388099,0.2074152981520512,0.9994664712614085,0.9994664712614085,0.5796939266042451,0.18611340907776047,5.004711571369771,0.9117053151624567,0.018124212395846676,272.1847206841398,0.8539054919388099,0.2074152981520512,0.9994664712614085,0.9994664712614085,0.5796939266042451,0.18611340907776047,5.004711571369771,0.9117053151624567,0.018124212395846676,169.41985425428848,0.9127828875909082,0.8961991843815441,0.999993425402262,0.999993425402262,0.05969136149240122,0.020058796610785173,0.9081613782666964,0.48397335915280987,0.005868616862055633,221.4439957963324,0.5002609066233966,0.007478677459142577,0.7155463697350881,0.7155463697350881,1.0664041320906466,101.24667030341533,1.5004076499961347,3.8736984958877394,0.3495826808860116,204.579341552977,0.4891619262485668,0.013201536976638777,0.6895721206461105,0.6895721206461105,1.1160922811896166,31.45379590718762,1.5611249649141303,3.9175474918168964,0.3658636170403994
1067,1927.916795059466,0.6127461418119953,0.012886260737839697,0.8867629362908415,0.8867629362908415,0.7996548684722784,46.72135706886161,1.0361327394724438,2.3359512676114855,0.13260436000159107,1853.8817899072963,0.5647360634770578,0.012279958401607942,0.8299115097601071,0.8299115097601071,0.8642182550664411,47.63052548151116,0.956557660555737,2.7508612764967104,0.18733129225133602,75.75349897187289,0.8690772709626277,0.48354673306611146,0.9998407279881707,0.9998407279881707,0.08855808006844491,0.06811949578181199,0.9825521286937972,0.5417009209616717,0.013181938631196452,1647.374823721996,0.5133940086210694,0.005236323954543316,0.7531717577456696,0.7531717577456696,0.9207705569268778,252.77870774221807,0.9112095797121988,3.102627169403953,0.25141222074166075,1528.4501318847197,0.49893522850254113,0.009436998656352997,0.7226614741556204,0.7226614741488511,0.958656620854808,80.37207008658099,0.9403999440201899,3.1517385793063575,0.26792115975848235
1068,608.9898906463177,0.6884192505023135,0.016560445684547388,0.9565420178180596,0.9565420178180596,0.922428561746079,14.489542277588166,2.6276465037066177,3.2441768364876613,0.13691896753223476,534.32848923916,0.5901588984096774,0.01678232339183155,0.8897390585649052,0.8897390585649052,1.0427804975655122,13.273146187901169,1.759089739569681,4.581231518727002,0.28545540757190363,398.1816737688155,0.9132244317033518,0.6769457256266039,0.9999985736294434,0.9999985736294434,0.48910988925974086,0.02046168999062201,11.626400547133533,0.7111310326884263,0.007500317401519806,520.5141448296152,0.563750230562728,0.006698711589643104,0.8611957933011312,0.8611957933011312,1.0535971298047215,86.47939696348146,1.6024585659471176,4.896298461496117,0.32883671171048245,514.0603188212733,0.6129782591723788,0.015973304291520198,0.8959116572098801,0.8959116572098801,1.0680027513005768,15.269727218078392,2.048510893249264,4.252484227922986,0.24903222589663024
1461,4710.816430948857,0.40543352379583186,0.02823755175712219,0.6790485272006059,0.679048527184311,0.9546354769772364,53.29673659189566,0.4012523651992929,4.22378045112904,0.26500193083273055,3437.147419399594,0.3642455814965892,0.019285817165300857,0.58374734421936,0.5837473442010821,0.9424362181807566,112.36551083551177,0.4500818518871965,4.2049317184101564,0.3022998106556346,70.03628252470246,0.387838207516132,0.07262324990497888,0.6754900833234667,0.6754900833234667,0.9798153779798349,12.091230747464483,0.8320287577493323,3.3145066493430457,0.31261566049393935,434.15985479633497,0.1632666240325662,0.017362967471015015,0.26417056228278746,0.2641705622827268,2.6142166427314644,190.7092571434079,0.95603945266833,8.531539688575748,1.9323907308600892,411.6659645717923,0.1572901931117088,0.021766824333829062,0.25568339013327124,0.25568339013314084,2.727160229091305,121.85170922619038,0.9627661207720742,8.860343298094017,2.092875073644199
1462,822.070958451457,0.33067138471535035,0.011552098514295235,0.526094473505645,0.526094473505645,1.191368794926095,424.58596007347955,0.7042598431679171,4.067690814616794,0.4165032144843398,695.59409291852,0.30832164413741775,0.03503687639825914,0.48613918058891975,0.48613918058891975,1.239775243880384,48.983099225155485,0.74007460396885,4.152851283139789,0.4607070640595348,610.1479202574777,0.35735904138330693,0.0338099599711809,0.5719402398087198,0.5719402398087198,0.9106257398738502,62.13616930030057,0.5919037044308241,3.311778780891935,0.30563430651956336,815.1874012265539,0.3305455502659406,0.008970466923801833,0.527531760351026,0.527531760351026,1.1937726506498147,785.1872426937106,0.7088764154410454,4.071742463566164,0.4186479904628604,696.8116490838324,0.3009212205896399,0.013248179439005903,0.47053811105480253,0.47053811105480253,1.2800647906405538,305.2241799997401,0.7318852433459692,4.24212197830353,0.48044369669773934
1464,793.112708114401,0.49350786107953515,0.012009776867492885,0.7806452828156943,0.7806295387133836,0.8453597534502695,116.93105876358062,0.4868407648728333,4.010331006776396,0.20405528914039606,611.862934216818,0.48789530057757324,0.023370376607013233,0.7739981631296856,0.7739829216879887,0.8800541141589329,35.001191435168934,0.6204354796145128,3.749586325801688,0.20219416573951096,17.913173303867367,0.6157016568341424,0.29454846203828194,0.9411068887985728,0.9411061919445085,0.30206946608431035,0.3928611272844887,0.4974872441496168,2.084294311633856,0.11105341736314825,552.1990177038423,0.39827073595770124,0.006004888433746458,0.6042619574437651,0.6042492460555899,1.0092540626747257,554.5223068635978,0.6167563554955809,4.520958280313197,0.3074521699535055,563.1364196917727,0.38709142369136057,0.006528373421551906,0.5681729276637958,0.5681533309884299,0.9755156735742512,549.8894563140257,0.5542416934120561,4.686212412104967,0.3275796202268801
1468,26.939551384103826,0.055616253424524725,0.08040122049979084,0.28772229374041614,0.2869821687741992,3.247505880259112,12.102766129305063,1.620720373032897,2.1053808808509853,6.144206038136569,24.90670179497895,0.0566121659773116,0.10300524052492095,0.2627889033500814,0.2621191257407843,3.2532416598925202,6.4893787220394294,1.8445561126183807,3.008928414133107,9.223599440803602,5.221095505420403,0.4098405709934526,0.6721532775733543,0.9944072038403802,0.9943850733890888,0.41852802959881513,0.24488560361510117,0.9922818263949813,0.33663048085584985,0.21869519441601104,18.11136934732018,-0.006875489132765423,0.049964880785459034,0.09655938829485683,0.09631125376029154,4.633934194176185,28.8129590593236,1.6390331911387115,4.586416967106938,21.228576494059848,19.201482780691492,-0.003187704062324716,0.03747366058909428,0.10904692994732756,0.10876207609942488,4.085793435203152,50.85826039991612,1.6708318477913875,3.9231854314748946,16.710978889389413
1475,2379.269352991786,0.3970601159791232,0.010015498966929803,0.9003667638705577,0.9003667638705577,1.057449324356951,372.3586636975004,0.3607950526704506,1.8314547341756304,0.46549802795897927,2190.64018533101,0.3889319648787699,0.0597303591568696,0.8953112975365223,0.8953112975365223,1.2154284296521034,9.993796672882006,0.3580130049007177,2.2156028393188985,0.7064575642916371,870.8191668128525,0.5081418480056198,0.11025192888785572,0.9596874850499101,0.9596874850499101,0.6844087576257113,5.281788019984692,0.667758745950063,0.8510364005950966,0.23205878648337946,1861.577834678173,0.2167934195273995,0.0065744975663644895,0.7404779981923985,0.7404779981923985,1.6858575008242112,1075.9579979636278,0.4731708810331238,4.877513872539476,3.080937478545426,2052.6658852284445,0.22877147576716048,0.009676103943305987,0.670813762512179,0.670813762512179,1.322405004262609,412.21283064199554,0.4088203624419785,3.454347702208316,1.6227598833848185
1478,2081.6548649139354,0.13693546471920284,0.1295908563470828,0.8532871328901633,0.8532871328901633,2.303111457449043,3.8675979992076317,0.4672491618015962,1.2671502579300757,1.5789234160205794,1976.9209298533656,0.13931385672787386,0.18762412203013182,0.8697795164717353,0.8697795164717353,2.550490358145478,1.9418449947699188,0.48680133244093393,1.3605070526790053,1.892846274584129,1387.4309704384611,0.3438198830121619,0.2530788573492616,0.9826576066717093,0.9826576066717093,1.1548419344359762,1.1299108276562464,0.5818935906582685,0.5520418767300038,0.405653455831192,1839.4744286644668,0.0973606188907578,0.13734849852668557,0.8595856110062247,0.8595856110062247,2.714533992267715,3.553135188497024,0.5283732366119037,1.3920637933549787,1.9189792696023529,2067.9223013770174,0.1377247078923189,0.11811739897747657,0.8731552308657967,0.8731552308657967,2.3353707936731136,4.578550913340489,0.47550281697909014,1.3531041482617723,1.7991001922104657
1480,200.66033327237548,0.24875017276368425,0.01836441427832037,0.4003783223923344,0.4003783223923344,1.485531713225167,144.12697278641392,0.7626650835161826,4.934526832683914,0.7215408172625055,173.6270255170948,0.21819499123991737,0.043883379095367075,0.3154093504958085,0.3154093504958085,1.4234470899650458,25.063985257594567,0.7558645333874057,4.926247423783309,0.7448829517330102,10.48704689728973,0.6167797198575298,0.6008515082311405,0.9957334868628465,0.9957334868628465,0.2772290427816283,0.18679535384276189,0.9961629306070663,1.5564423672505885,0.09486560863310975,78.84778986064048,0.22151458418858663,0.050529505825431115,0.40653020058606854,0.40653020058606854,2.365011141755781,21.61965384077399,1.1338931105771284,6.319615528601296,1.4019273113201884,74.88415744590911,0.2702017362225253,0.049664758269472406,0.4946264880028304,0.4946264880028304,2.2408860663700425,24.47131310137717,1.2371581882210192,5.695773779879459,1.1456877534581198
1485,30.25675238672868,0.01097448618509672,0.7244699950043899,0.17634904606396679,0.17634904606396679,9.255690586119524,0.699706154753785,0.987539351812931,2.985443332709516,21.442796797974925,18.872124215098527,0.006828981150993562,0.7142041951291949,0.09931600809347572,0.09931600809347572,11.104407297778119,0.7018888960596872,0.9904980057263243,3.576555782143165,30.90858044797908,1.217000223217895,0.04976512706639159,0.7713310511466214,0.7396768583255188,0.7396768583255188,0.9055744849038697,0.5645530451642972,0.9999137936114807,0.5808440278392654,0.8207446725548425,28.402124289070862,0.010298268455112617,0.6951703950329337,0.16543229910964108,0.16543229910964108,9.557635029724477,0.7384677954418916,0.9896006650075082,3.0817407658250557,22.864543778194548,29.95876950681838,0.0108650861925398,0.6951703950329337,0.1747734577663712,0.1747734577663712,9.306213592084724,0.7380303713941577,0.9880313271313823,3.0015522154329983,21.67728127902506
1486,1464.6618112644612,0.26422993971301906,0.023307845693437187,0.6036580829335099,0.603658082933183,1.7321073343277165,116.2670868152345,0.9125907989395095,1.0466684047756007,0.7827311623085652,1240.8134980113623,0.24269695279548487,0.05260311815412743,0.5304685946313532,0.5304685946313532,1.8507775890881772,21.460675163176017,0.9631279692959444,1.100935320448448,0.8970722706224192,521.0659578635918,0.5429459975340502,0.294104627668061,0.9903124382871044,0.9903124382871044,0.6676619703012334,0.9256602572306963,0.8571600284037117,0.4061293366604852,0.1379967837753543,627.25149251276,0.2951253878487787,0.0667430599740267,0.700336581197613,0.700336581197613,2.406751510260657,12.841611600671094,1.2983929071659255,1.1686864255825908,1.1211400867343402,550.866492893778,0.25773391103864335,0.027535765329480457,0.5958931882572048,0.5958931882572048,2.6243270067940334,75.48035085448062,1.2555280147977572,1.2969320444801165,1.3997033158970509
1487,1428.7616838118058,0.3277233508331025,0.08835065996960258,0.7264843785791394,0.7264843785791394,1.2611287151446984,8.428405005723398,0.7106390864994502,1.0794243056990809,0.40084762773866456,1117.133588450698,0.32175948105439384,0.1207676130257918,0.6947817088984217,0.6947817088984217,1.2369534641536086,3.964817989465863,0.7473550347635808,1.032519660637914,0.39808933368945754,15.71212578587674,0.43966516629818025,0.24056961241095134,0.8768113316680557,0.8768113316680557,0.7062060807100305,1.3016533273769777,0.8536489654047421,0.5969017079685863,0.19055876646908593,1344.5668340162983,0.2913284079106808,0.0723131104138332,0.6189218320203512,0.6189218320203512,1.3226882534872744,10.042687907078388,0.6952878503857046,1.1536937614842038,0.46785088615621084,614.084274808211,0.14237568330774014,0.046938159733685356,0.2054730951578743,0.2054730951578743,1.7002960928500912,28.844052678985957,0.7244023183062865,1.4634118762885027,0.9275481045204269
1489,1681.153835408423,0.25840443316184775,0.007579214379107937,0.4812984417372161,0.48129844173703107,1.572320284730157,1158.1272090579475,0.8490585520193489,5.419057565759203,0.7223621177921359,1426.2046572416036,0.23975860668621363,0.03711926301540688,0.4231520522910807,0.4231520522908691,1.5560018513703686,63.44719656044433,0.8495236637492921,5.3509020302982755,0.7322569648172761,6.105732722832508,0.2727750009650599,0.09874587181605685,0.6029098681334543,0.6029098681334543,0.5548221530627574,9.012771647991341,0.49986613058794416,3.15733852954931,0.32729901728697386,1417.8398736212785,0.23188706064575412,0.005877182121420044,0.42179439770677146,0.42179439770677146,1.7068064582607219,1984.4078128817332,0.8900754646016927,5.794883834560744,0.8599334299760814,1374.547030609427,0.22922291114622725,0.020417666478235976,0.4445179268893156,0.4445179268893156,1.7970131723274567,165.5379154786602,0.9222450136855763,5.9335775893488325,0.9077141008749728
1494,283.5530179531542,0.36400752361606015,0.17033118371774086,0.6957851590769225,0.6957851590769225,1.2125642385031106,1.8314310055068495,0.6554882796245435,1.8763945218837097,0.47286667443020036,275.26585492837194,0.35468039299925125,0.2953207014005375,0.6746673160193698,0.6746673160193698,1.1814313634295572,0.5365998381670521,0.630736756604569,1.8734355187618479,0.47431742230939383,34.639379945730084,0.4936441146923251,0.2243185286790279,0.9131707959044508,0.9131707959044508,0.802795053368363,1.1358163324581303,1.0869943831598696,1.1018196194666687,0.20036075759438743,183.53841175694745,0.3029893378200962,0.06146515144173062,0.688607861124249,0.688607861124249,2.160812976709158,12.763493883685868,1.229048011304448,2.763039057813989,1.1082634800528672,269.87338309319415,0.37542925953003525,0.3156565228695455,0.7713968092708464,0.7713968092708464,1.4643579847837247,0.5387871975553791,1.0314048457787581,2.026027618231854,0.5569920933215597
1497,753.9763422900083,0.15923767183186238,0.034861916740639765,0.6390188049798163,0.6390188049798163,2.0045707461705757,119.49490081010305,0.7870293801784274,1.445110736129244,1.1932904446336463,695.1961298504947,0.1470716694081966,0.13501361086875763,0.5875768199627759,0.5875768199627759,2.0569788174432677,7.963390539842774,0.817359532658695,1.479727691425884,1.3133718823027238,467.18018940112404,0.13559666558494538,0.15678442407088578,0.5423649025392122,0.5423649025392122,1.79245014069837,5.7644692029048255,0.8535107823786187,1.4557958498397567,0.9400864344040606,577.5918178612956,0.12333653740461291,0.009725416298131498,0.5374151291093388,0.5374151291093388,2.510989129673247,1424.3796661716556,0.8637455790843215,1.9744592621105115,2.317384981668403,499.9784470432496,0.09665292364127001,0.015119891123632236,0.48929343526006824,0.48929343526006824,2.6782090661714832,557.3534609475169,0.892743283328977,2.017662270266575,2.7128888716655704
1501,50.596534294474054,0.060582590301653756,0.3244428422615251,0.6951930421136826,0.6882385362906557,3.096913088407665,2.598521311493386,0.835917482082333,0.4111517769722088,3.2846333781570967,44.18752631497727,0.05044589314917822,0.3524536884251207,0.6234184505954428,0.6166428180236333,3.293381803765123,2.1393558172578877,0.8477232161529276,0.44205466043933006,3.4700620244406983,22.246266800681944,0.027965771365341487,0.4779069592801459,0.4673901838954093,0.46087691836600087,2.5107868963463753,1.2844679041463773,0.8316543110398386,0.5018798235358226,4.11792514746074,40.56656956858327,0.04581289644185936,0.31330417999518295,0.6188680214241828,0.6121099647501398,4.031185341631051,2.718929811604622,0.8924722246809147,0.6004029130860356,6.102106811970561,50.20455930890003,0.0642885698259825,0.38033417944002146,0.7019081583059626,0.6950766524605292,3.2408736646634226,1.8108009257873177,0.8495157793967623,0.42858323151975025,3.5499284691886444
1510,364.0929567651891,0.3845494598497676,0.0838312932334777,0.7478920787210308,0.7478920787210308,1.1363354045297132,5.482380095211973,0.6787003718707472,1.9086118436777637,0.34545513222988233,319.01790043289884,0.36706053833569724,0.07811887839030929,0.7399736269677725,0.7399736269677725,1.2301929544544294,6.288548338004644,0.738767150437569,1.9942556796670534,0.3963406713863249,19.089420715451983,0.5902150346880612,0.4151264722563293,0.9750309605353167,0.9750309605353167,0.5359879778889982,0.36969978198366604,0.8644501640341051,0.8309915847365009,0.10403484659035811,325.3777319467531,0.35593407196784743,0.07406015008552047,0.7017429679626668,0.7017429679626668,1.2224649289417324,6.946835226149094,0.7074756281285333,2.043661834787688,0.4132556560796447,296.4028176021083,0.3767701750819066,0.0492215285890121,0.7589067581495003,0.7589067581495003,1.225027492511679,16.254785505182625,0.7812616102801773,1.9215624699367075,0.377611329443783
1590,1615.6654489831549,0.26481335514873516,0.008259388438780275,0.43757320514153986,0.4375732049732661,1.525284486120254,399.71701506477945,0.7728119222581539,6.328198656402227,0.7523616849546636,1109.2236718108243,0.19931527350848857,0.004937963395043119,0.30637861581328496,0.3063786156607892,1.8473573769516787,1211.0193503151079,0.8069700481681693,7.434715652420572,1.1245883621322004,305.91213059185304,0.6454238003123807,0.43791298893231223,0.9978731771412029,0.9978731771412029,0.5003465729537449,0.1791473959987822,0.8826229938008595,1.9353731065407298,0.08774891753414792,327.94261891868877,0.28676658762529844,0.010773665331166991,0.45266937659698236,0.45266937659698236,2.3593271947773475,291.7206660764911,1.3671146507299563,7.210894690769905,1.2130829746731921,329.8057441050363,0.2901699203720586,0.022051426263694964,0.45872767434759354,0.45872767434754913,2.339782837656472,69.6095602748182,1.3736224261803833,7.139258697133788,1.1886843400615394
4134,534.894807619046,0.23494977831820094,0.40634270623171576,0.827176686952461,0.827176686952461,2.5482861777567027,0.6688251063848798,1.1030972021957468,0.28227808028229096,1.4176715296790505,533.403479274288,0.23492544056127604,0.40634270623171576,0.8267659634227258,0.8267659634227258,2.5500446531948753,0.669058021812785,1.1031658446432155,0.28237850276266196,1.4191744522883574,11.473825275085334,0.4758366421191794,0.8843426599489888,0.9999933671172633,0.9999933671172633,0.4993992861258634,0.18039651304858614,0.624296040408322,0.0926873553135636,0.1741239522208634,505.64971587884014,0.2236730308584811,0.11517340552164769,0.7881440094260014,0.7881440094260014,2.6421301718127306,8.38239409330316,1.0968832171642766,0.2937288586795873,1.5455730286203075,534.894807619046,0.23494977831820094,0.40634270623171576,0.827176686952461,0.827176686952461,2.5482861777567027,0.6688251063848798,1.1030972021957468,0.28227808028229096,1.4176715296790505
4538,769.0493210476438,0.3230533828068434,0.018415383287011425,0.8453089438032517,0.8453089438032517,2.029559479755648,49.18303100710759,1.3733614209758491,9.474664221846602,1.637497095236904,593.5453851339454,0.4208028329851855,0.02131578000471168,0.8780589447506075,0.8780589447506075,2.129613219268564,38.063185042540674,1.7517198467810893,6.262438069738988,0.7783621605553565,79.76513311993975,0.7115957588082681,0.23171282537906543,0.9925166920545128,0.9925166920545128,0.7361060078942007,0.543009408300456,2.377199637919829,1.640934937755964,0.07397699570983535,422.34431342505235,0.18706486467295494,0.008750443597405176,0.6991524021592788,0.6991524021592788,5.196917427061169,182.16370022724968,1.320608900728148,21.490617062267628,6.401840266658489,443.37652533722644,0.2755298884335191,0.011020992185225691,0.7487021831461919,0.7487021831461919,3.377876831552855,141.9571854712425,1.7399785426195802,14.474489050331806,3.211079241551547
6332,112.70487780613124,0.22148509697340957,0.32114452098290425,0.6320926610268517,0.6320926610268517,1.7693152644000052,1.2517263674056276,0.6520589542506922,2.8205418868741976,0.8321454217260175,106.48732063372891,0.2142398601358135,0.3028376624357813,0.6100906604125174,0.6100906604125174,1.8136503524398542,1.2668688894252638,0.6539463401996796,2.8806493053437685,0.8791756866728527,3.0125659345643676,0.30141377380661,0.5822952197616896,0.8896838248381789,0.8896838248381789,0.5641029750239238,0.4362116779499571,0.9979226170248744,1.5625751900978515,0.32931312076840774,111.31484498152096,0.21970372876410404,0.295700389743478,0.6264672550953323,0.6264672550953323,1.780407799472439,1.4806202099708885,0.6531384752838127,2.8347345935560906,0.842938636601867,112.70487780613124,0.22148509697340957,0.32114452098290425,0.6320926610268517,0.6320926610268517,1.7693152644000052,1.2517263674056276,0.6520589542506922,2.8205418868741976,0.8321454217260175
23517,1374.834686632402,0.189864105888751,0.1138008036930021,0.5252601107882863,0.5252601107882863,1.8648975886072665,8.114713214019153,0.7931187984325264,1.6156501049557528,0.9079058916221137,990.8378577359321,0.1457071595115674,0.12870673485371456,0.3828489946944839,0.3828489946944839,2.13316760793453,6.750740068710824,0.8330429607809862,1.8022851333020031,1.2022182223859548,3.0263747843773268,0.13718832428723407,0.23411197995779057,0.4550752671700954,0.4550752671700954,1.1009296580738195,1.990833432677821,0.7650612803691502,1.2205906319621376,0.6603281028893347,1330.9774275332015,0.18597861369666946,0.07959222168316794,0.5099736155282295,0.5099736155282295,1.885197790522052,17.01153083889568,0.8056466634855791,1.6289589579735029,0.9293206740346054,15.397843979444966,0.004397353257175859,0.0762803980769305,0.016105712360991137,0.016105712360991137,16.686655652611062,18.70610099251265,0.9903519325369772,12.833475039903064,72.81741064377351
40499,3681.66802850078,0.28516729105343946,0.015806072354972143,0.9142289630166582,0.9142289630166582,1.2008228348743766,62.60007318749131,0.13597639227525568,5.660789396719587,0.6146883243825964,3286.6339015680483,0.2531986479814977,0.02482834722950093,0.8883941412126736,0.8883941412126736,1.2549780041839695,23.528487141938815,0.13956435949845694,6.148241642969988,0.7738492833916262,1781.4347374180534,0.2759888509205427,0.061236736068227306,0.835587079299703,0.835587079299703,0.8562683222535248,15.96130952228997,0.2119628471468197,4.217449626352421,0.4171919369031879,3434.8420953597015,0.27131877244342195,0.013774715684129737,0.8959133585325785,0.8959133585325785,1.2657445699344476,54.77189337916571,0.13749992723251564,6.86678405078915,0.8990159905350408,2230.404394316204,0.2079526199560892,0.021104271835265694,0.8025049031717135,0.8025049031717135,1.64183235014956,57.234020060375485,0.2168271236947685,8.603094253829108,1.601950839904795
40701,793.8980099981901,0.13113473746275267,0.09881690121891938,0.3533974348427252,0.3533974348427252,2.450326048979607,11.47147146499337,0.8358175724435393,3.9051995440651566,1.5738734525897708,748.03862336036,0.16461661520358079,0.16562567140724097,0.4620151167624236,0.4620151167624236,2.2179297161561067,3.714280984295902,0.9028645082469584,3.497636784165102,1.2725801078608383,5.1578246325816774,0.2570511024252372,0.32160247260641217,0.7566608468065721,0.7566608468065721,0.7595791178542509,1.1269067853121084,0.5503323255504354,1.8008516282896205,0.38745022608489277,744.2967690623454,0.16252951980643535,0.12512534240830117,0.458447938133171,0.458447938133171,2.251191255539926,6.512120196619056,0.9056551066395527,3.5421531419927255,1.3060304103490943,744.2967690623454,0.16252951980643535,0.12512534240830117,0.458447938133171,0.458447938133171,2.251191255539926,6.512120196619056,0.9056551066395527,3.5421531419927255,1.3060304103490943
40923,41.937986009167716,0.03354806364958242,0.2580938926999205,0.742796181695546,0.7427961771672561,3.2786845396226347,3.3600476088934035,0.7962439077264295,0.4159909406604672,5.612677745672738,35.53324769772339,0.01770195065532184,0.2984567234464195,0.629606248499038,0.6296062437685944,3.559222972602814,2.3680314744284,0.8158644505824235,0.48371968210612826,5.911989020499324,18.657593919692076,0.008477027204683572,0.37785178840896255,0.526970754806503,0.5269707492414987,2.6445990777342003,1.67940910917033,0.816233239971362,0.3238655690752912,3.779516448513672,31.672881143639962,0.0013338387223545028,0.2163768658084234,0.6109549626538403,0.6109549578272422,3.9217035132491076,4.698593230523619,0.843996528091806,0.47725814088406737,6.582243037218963,41.590179370697356,0.03441704027801463,0.22127137895314636,0.7311784290706652,0.7311784244600265,3.2735173784695424,4.6443654711263935,0.7993101049087056,0.40113567159409996,5.488964579352519
40927,318.41800092344704,0.058409977960650034,0.145004146608447,0.5849145936445679,0.5849145929043864,2.8122070062964997,4.762384075894458,0.6562369573511645,0.3689583295737907,2.801396081728184,261.92568565894436,0.03143993764508436,0.1365840127022295,0.48762355266380625,0.4876235520116575,3.1773471266309015,5.091938150333716,0.682190376471907,0.3776665563207312,3.872325346503326,56.46420632410865,0.09194332074219473,0.13902959850894092,0.5793887942379593,0.5793887937216079,1.1833798314787525,4.833396819993428,0.9979362854675029,0.11925366169325782,0.8023708456002446,289.758416048303,-0.006903567219863689,0.12551637301516427,0.5096120573614663,0.5096120567177844,3.1682130747271637,6.571787130766504,0.6759645034038553,0.4435101461004615,3.518936453617954,317.26960260802707,0.053600623297847275,0.10168460062127073,0.5734154947430471,0.5734154940116449,2.7900550542640494,9.697206646333182,0.6530255770050312,0.3851301218558474,2.9468251567862365
40966,75.38228310813133,0.15674359846243763,0.06832892313434724,0.7416377945282179,0.7416377945282179,1.8233210551554477,16.811320900505873,0.597087240714352,1.6807946264060973,0.9469867803379541,68.93895851672302,0.1459934447520973,0.1319633000135482,0.6752775151339897,0.6752775151339897,1.9045126757952486,5.5000798469417935,0.644052088860879,1.7453819804020987,1.0646938880501395,46.35164989548921,0.1424461892720476,0.18243876005800988,0.6175402001661213,0.6175402001661213,1.239413662044073,3.2751069191959385,0.512471469288536,1.5612466168473556,0.7805079696852583,73.32353003730442,0.14366863305226493,0.10702172793785424,0.7066053289439298,0.7066053289439298,1.9142700184754844,8.899790679181764,0.6130284414107889,1.9619798167199742,1.2210985085772217,74.92323855932453,0.15148290134899078,0.09374181918394464,0.7303866411019956,0.7303866411019956,1.8602401815472986,11.4783995522433,0.605406415324112,1.9110189550838248,1.2346008732889773
40978,4024.914966725104,0.7083443090818302,0.012847822219611964,0.9648959406216335,0.9648959275081078,0.4801044915732871,103.66281364219327,0.7625398284912726,3.3107486345636574,0.07029952372354534,3741.4100096995403,0.7142886522544367,0.027568642550776845,0.9705345605666091,0.9705345467179161,0.44445247071710703,22.468287444594523,0.8130096640329669,3.186217217882429,0.06774055666811883,624.5428288569224,0.7960777036615049,0.3481623606095608,0.9990720366555514,0.9990720366555514,0.14135705780526175,0.1918652976862971,0.4540379428401394,1.6278811342758261,0.03180868666767173,3988.0439298766605,0.7134467108383532,0.014269252481799624,0.9720708636167081,0.9720708533750463,0.46535096031626366,84.46525758085885,0.7771058284275447,3.2453139106368396,0.06789095449427072,3204.88900431929,0.6197997180259676,0.003710136009193172,0.8625985243060259,0.8625980042508353,0.8137329738813444,737.9805880701728,0.8382236596418289,4.362489089291495,0.13750036603206636
40979,150.8048202781507,0.13793289154572994,0.24360138494972228,0.8319216887011226,0.8319172989330573,2.1719121720073153,2.9833207960449584,0.6767660278815594,0.36945383228717416,1.4110650519571444,141.50112705365046,0.13008980560772124,0.24258921053991478,0.796377716926905,0.7963732417950243,2.176267074487703,2.9677582131921465,0.6885849328273841,0.351767858530712,1.4195572730429062,90.46494872762692,0.08843921591920864,0.2884301399471172,0.6804362527219594,0.680430793443762,1.7808737152110319,2.507787308208071,0.7481732282204252,0.3725859656002356,1.5301014137055777,142.80218171583,0.12309193946666795,0.14662059322766471,0.793921107924088,0.7939167172538508,2.1691033988470907,7.943432442983655,0.6879358543505931,0.36814001956129405,1.274896545864945,149.62338220396495,0.1340694747215811,0.22361143392483954,0.8341399131932346,0.8341356423140652,2.0668415222587675,3.5873277074724377,0.6802953593278548,0.34835647225916655,1.1799874922416518
40982,574.7571824147872,0.2760117086250711,0.06694612289853372,0.885553527528079,0.885553527528079,1.4255821872567493,17.879447873631218,0.3593810910194128,1.6963473537263574,0.6070204600757253,528.3499807832845,0.24357505553698403,0.09580368339792583,0.8493681605903745,0.8493681605903745,1.5630983947949768,7.096285296060179,0.3766134067180838,1.9950115551771028,0.8568063075070318,338.2644047678833,0.2492499919572758,0.1126278859145024,0.8330350205139394,0.8330350205139394,1.1425242494099528,9.397704260458747,0.42718275514370574,1.6810348845241916,0.5987333977112835,536.2687577649233,0.2628492283037491,0.04509619230063762,0.8581539938207158,0.8581539938207158,1.3776893944170545,44.0106340524928,0.3505353102200851,1.659997169432994,0.6388985463088941,528.0044770880539,0.2513505399791721,0.06196884761350258,0.8571404436006832,0.8571404436006832,1.5142416514228922,22.209934689409383,0.3785864207329416,2.0709568770546336,0.9606348181239627
40983,2164.124927962696,0.30686696632861793,0.005348429808327599,0.49916471843799853,0.49916471843799853,1.2611956879611834,185.7397489361536,0.6332330923118467,11.656923147360276,0.5578068009476158,1569.1764222723432,0.2853839617894239,0.005532958551422597,0.4610496839106479,0.4610496839106479,1.410981405609808,189.67563830616433,0.7614171782466455,12.188442083876224,0.6664710158798596,98.61949859822202,0.8733291350403091,0.7979213267243854,0.9999995104225647,0.9999995104225647,0.08822578738381384,0.02752688684011587,0.9906206618826324,1.3192068910959107,0.010133697056007524,433.2246215662413,0.3812475529003087,0.008086055302067099,0.535952125368993,0.535952125368993,1.9314633775008405,107.95002383020271,1.6799411110969875,11.470151839442149,0.7174522043285742,415.40033650708415,0.34836539930192034,0.007652622165202864,0.4864825911140695,0.4864825911140695,2.068780850511183,120.93358277862373,1.574099221425481,12.688607393925633,0.8809552842857592
40984,2616.580327051553,0.45064133115787924,0.009077161008310488,0.9105273377505401,0.9105273377505401,1.011195322917846,274.7261069603479,0.2441636225003157,4.730099433429273,0.35869625025236707,2440.9441368831262,0.45305347673844315,0.032860119173659906,0.9134930505185521,0.9134930505185521,1.017666241930279,22.266842376177138,0.2504801617261989,4.144309804436099,0.2933120676218507,755.1927243906756,0.409111719690928,0.22072366382625697,0.8236182484967459,0.8236182484967459,0.7861832776779227,1.5699392253207243,0.330200740401021,2.0190111648543416,0.33029719974873994,2092.9527406257466,0.3522775021583006,0.009288525571258203,0.84963187713131,0.84963187713131,1.478794817019048,304.73459358107414,0.2484787522999879,8.042751774648014,1.02194915053818,1729.2686091869602,0.36627267593271295,0.01921614386433245,0.8345039460359959,0.8345039460359959,1.6145239675403609,65.6687829926871,0.3416872491848191,8.31705307068837,1.5180778693029884
40994,24.450081975864798,0.041437472359618956,0.29719820535708846,0.17151565801206245,0.17151565801206245,4.65757868543248,2.2521030737882346,0.9662938833087097,3.900732404251511,5.488251380571328,13.988900191656672,0.025098648885922465,0.32294782079437334,0.08496859331347877,0.08496859331347877,5.299436183131195,1.943432904590569,0.9619019142340275,4.429475752882321,7.21107439598178,1.637436599171806,0.12146489232882463,0.42693170988265183,0.5628163165754169,0.5628163165754169,0.7759075723319231,1.0411285141994349,0.9988184496137203,1.2710063418304924,0.6073220200757619,23.818788873647417,0.04067706263873086,0.28589606638319026,0.16790168279403192,0.16790168279403192,4.696607660342746,2.436419090639371,0.9724378174080422,3.9315785218297354,5.581659146207333,15.669398440749461,0.027125980366858597,0.2685661785486664,0.10736185182164805,0.10736185182164805,5.749691766400716,2.5643073513811143,0.971092509379514,4.78389435383905,8.38568034544201
40996,639.8525966649046,0.15471294545333467,0.12299739300432043,0.8451591906246273,0.8451591905430703,1.8114723519270233,7.238659682518027,0.5873913793175742,0.3027508966928049,1.2062509890203015,569.9807073433976,0.12191461683899738,0.14745512909412817,0.7800139037987387,0.7800139037363053,2.053358594111679,4.01910413796549,0.6052561029790346,0.35359491581566355,1.81109609343866,162.65772922559216,0.0985466008251806,0.1263511690284889,0.5451783540977244,0.545178354062501,1.2719351633496732,7.458127552644303,0.7618924355803959,0.22891091912575837,1.124429380549547,508.83777311856466,0.10322961216031981,0.1188854622804858,0.752599432818994,0.7525994327250014,2.3761499731517177,6.388077650644916,0.6383681138148086,0.3726706140034987,1.5184475556716581,615.7051314967886,0.13619566058903848,0.11248536706554821,0.8357173602800783,0.8357173601945428,2.0545812450518426,7.81630288449778,0.593388432790848,0.3668457698257711,1.6331965690208665
41027,1087.4264945494253,0.20642686794215032,0.26175923854348265,0.6263732740390376,0.6263459426451065,1.7034562300166558,1.6693686127693883,0.7764575763517207,2.004564931989004,0.788181285326993,1087.4264945494253,0.20642686794215032,0.26175923854348265,0.6263732740390376,0.6263459426451065,1.7034562300166558,1.6693686127693883,0.7764575763517207,2.004564931989004,0.788181285326993,1087.4264945494253,0.20642686794215032,0.26175923854348265,0.6263732740390376,0.6263459426451065,1.7034562300166558,1.6693686127693883,0.7764575763517207,2.004564931989004,0.788181285326993,1087.4264945494253,0.20642686794215032,0.26175923854348265,0.6263732740390376,0.6263459426451065,1.7034562300166558,1.6693686127693883,0.7764575763517207,2.004564931989004,0.788181285326993,1087.4264945494253,0.20642686794215032,0.26175923854348265,0.6263732740390376,0.6263459426451065,1.7034562300166558,1.6693686127693883,0.7764575763517207,2.004564931989004,0.788181285326993
