duration,credit_amount,installment_commitment,residence_since,age,existing_credits,num_dependents,__target__
0.029411764705882353,0.05056674369979091,1.0,1.0,0.8571428571428571,0.3333333333333333,0.0,0
0.6470588235294118,0.31368988665126,0.3333333333333333,0.3333333333333333,0.05357142857142857,0.0,0.0,1
0.11764705882352941,0.10157367668097282,0.3333333333333333,0.6666666666666666,0.5357142857142857,0.0,1.0,0
0.5588235294117647,0.4199405744470122,0.3333333333333333,1.0,0.4642857142857143,0.0,1.0,0
0.29411764705882354,0.25420931000330144,0.6666666666666666,1.0,0.6071428571428571,0.3333333333333333,1.0,1
0.47058823529411764,0.4844833278309673,0.3333333333333333,1.0,0.2857142857142857,0.0,1.0,0
0.29411764705882354,0.14223616154946628,0.6666666666666666,1.0,0.6071428571428571,0.0,0.0,0
0.47058823529411764,0.3685484758446132,0.3333333333333333,0.3333333333333333,0.2857142857142857,0.0,0.0,0
0.11764705882352941,0.15456146142841423,0.3333333333333333,1.0,0.75,0.0,0.0,0
0.38235294117647056,0.27423792230659183,1.0,0.3333333333333333,0.16071428571428573,0.3333333333333333,0.0,1
0.11764705882352941,0.05749972488169913,0.6666666666666666,0.0,0.10714285714285714,0.0,0.0,1
0.6470588235294118,0.2232860129855838,0.6666666666666666,1.0,0.08928571428571429,0.0,0.0,1
0.11764705882352941,0.07246616044899307,0.0,0.0,0.05357142857142857,0.0,0.0,0
0.29411764705882354,0.05221745350500715,1.0,1.0,0.7321428571428571,0.3333333333333333,0.0,1
0.16176470588235295,0.06344228018047761,0.3333333333333333,1.0,0.16071428571428573,0.0,0.0,0
0.29411764705882354,0.056784417299438755,1.0,0.3333333333333333,0.23214285714285715,0.0,0.0,1
0.29411764705882354,0.11962143721800374,1.0,1.0,0.6071428571428571,0.3333333333333333,0.0,0
0.38235294117647056,0.43039506988004844,0.3333333333333333,0.6666666666666666,0.10714285714285714,0.6666666666666666,0.0,0
0.29411764705882354,0.678386706283702,1.0,0.3333333333333333,0.44642857142857145,0.0,0.0,1
0.29411764705882354,0.17497523935292175,0.6666666666666666,0.3333333333333333,0.21428571428571427,0.0,1.0,0
0.07352941176470588,0.10366457576758006,1.0,1.0,0.5178571428571429,0.6666666666666666,0.0,0
0.029411764705882353,0.1318917134367778,0.3333333333333333,0.6666666666666666,0.44642857142857145,0.0,1.0,0
0.08823529411764706,0.10955210740618467,0.0,0.6666666666666666,0.5178571428571429,0.3333333333333333,1.0,0
0.11764705882352941,0.08550676791020138,0.6666666666666666,1.0,0.44642857142857145,0.0,0.0,0
0.08823529411764706,0.1000880378562782,0.3333333333333333,0.0,0.125,0.3333333333333333,0.0,0
0.029411764705882353,0.061846594035435236,0.0,0.3333333333333333,0.30357142857142855,0.0,0.0,0
0.029411764705882353,0.009684164190601958,1.0,1.0,0.35714285714285715,0.0,0.0,0
0.11764705882352941,0.008748761967646087,0.6666666666666666,0.6666666666666666,0.4107142857142857,0.3333333333333333,0.0,0
0.04411764705882353,0.11912622427643887,0.6666666666666666,0.3333333333333333,0.26785714285714285,0.0,0.0,0
0.8235294117647058,0.36238582590513924,0.6666666666666666,1.0,0.7857142857142857,0.3333333333333333,0.0,1
0.20588235294117646,0.09150434686915374,0.6666666666666666,0.6666666666666666,0.30357142857142855,0.0,0.0,0
0.29411764705882354,0.20743919885550788,0.3333333333333333,0.3333333333333333,0.14285714285714285,0.0,0.0,0
0.20588235294117646,0.3090128755364807,0.3333333333333333,0.3333333333333333,0.19642857142857142,0.3333333333333333,0.0,0
0.11764705882352941,0.055793991416309016,1.0,1.0,0.6785714285714286,0.0,0.0,0
0.11764705882352941,0.06734896005282272,1.0,0.0,0.25,0.0,0.0,0
0.6029411764705882,0.24738637614174094,1.0,0.3333333333333333,0.10714285714285714,0.3333333333333333,0.0,1
0.6470588235294118,0.32243864861890614,0.0,0.6666666666666666,0.21428571428571427,0.0,0.0,0
0.20588235294117646,0.10179377132166832,1.0,0.3333333333333333,0.32142857142857145,0.0,0.0,1
0.08823529411764706,0.0536480686695279,0.3333333333333333,0.3333333333333333,0.32142857142857145,0.0,0.0,0
0.07352941176470588,0.011444921316165951,1.0,0.6666666666666666,0.08928571428571429,0.0,0.0,0
0.38235294117647056,0.11461428414218114,1.0,0.3333333333333333,0.19642857142857142,0.0,0.0,0
0.11764705882352941,0.04996148343787829,0.6666666666666666,0.0,0.125,0.0,0.0,0
0.20588235294117646,0.32761087267525035,0.3333333333333333,1.0,0.44642857142857145,0.0,1.0,0
0.38235294117647056,0.3266754704522945,0.0,1.0,0.08928571428571429,0.3333333333333333,0.0,0
0.6470588235294118,0.324254429404644,1.0,1.0,0.6964285714285714,0.3333333333333333,0.0,1
0.10294117647058823,0.06289204357873886,1.0,1.0,0.2857142857142857,0.3333333333333333,0.0,0
0.47058823529411764,0.1127434796962694,1.0,1.0,0.35714285714285715,0.0,0.0,0
0.029411764705882353,0.06063607351160999,0.0,0.3333333333333333,0.07142857142857142,0.0,0.0,0
0.10294117647058823,0.38395510069329813,0.0,1.0,0.35714285714285715,0.3333333333333333,0.0,0
0.11764705882352941,0.10030813249697369,1.0,0.3333333333333333,0.16071428571428573,0.0,0.0,0
0.29411764705882354,0.11461428414218114,1.0,0.3333333333333333,0.17857142857142858,0.0,0.0,0
0.3382352941176471,0.31446021789369427,0.0,0.3333333333333333,0.19642857142857142,0.3333333333333333,0.0,0
0.11764705882352941,0.055683944095961266,0.6666666666666666,0.3333333333333333,0.10714285714285714,0.0,0.0,0
0.20588235294117646,0.17211400902388027,0.3333333333333333,0.0,0.21428571428571427,0.0,0.0,0
0.47058823529411764,0.10867172884340266,1.0,1.0,0.6785714285714286,0.3333333333333333,0.0,1
0.029411764705882353,0.029327610872675252,0.0,0.3333333333333333,0.125,0.0,1.0,0
0.11764705882352941,0.3421371189611533,0.3333333333333333,0.0,0.5892857142857143,0.0,0.0,1
0.47058823529411764,0.5126004181798173,0.3333333333333333,0.3333333333333333,0.21428571428571427,0.3333333333333333,0.0,0
0.20588235294117646,0.09414548255749973,0.6666666666666666,0.3333333333333333,0.07142857142857142,0.0,0.0,0
0.47058823529411764,0.3289864641795972,1.0,1.0,0.07142857142857142,0.3333333333333333,0.0,1
0.07352941176470588,0.0627819962583911,0.3333333333333333,0.0,0.14285714285714285,0.0,0.0,0
0.16176470588235295,0.07081545064377683,1.0,1.0,0.5535714285714286,0.3333333333333333,0.0,0
0.47058823529411764,0.09370529327610873,1.0,1.0,0.75,0.0,0.0,1
0.6470588235294118,0.7797402883239793,0.3333333333333333,0.3333333333333333,0.10714285714285714,0.0,0.0,1
0.29411764705882354,0.16127434796962695,1.0,1.0,0.125,0.0,0.0,0
0.3382352941176471,0.2718168812589413,1.0,1.0,0.5178571428571429,1.0,1.0,0
0.11764705882352941,0.10570045119401343,0.3333333333333333,0.3333333333333333,0.17857142857142858,0.0,0.0,0
0.11764705882352941,0.041652910751623196,1.0,0.0,0.05357142857142857,0.0,0.0,0
0.47058823529411764,0.08633212281280951,1.0,1.0,0.32142857142857145,0.0,0.0,1
0.47058823529411764,0.1179707274127875,1.0,1.0,0.10714285714285714,0.0,0.0,0
0.47058823529411764,0.4337515131506548,0.0,0.3333333333333333,0.19642857142857142,0.0,0.0,0
0.04411764705882353,0.02641135688345989,1.0,0.3333333333333333,0.48214285714285715,0.3333333333333333,0.0,0
0.058823529411764705,0.050291625398921534,0.6666666666666666,1.0,0.5714285714285714,0.3333333333333333,1.0,0
0.5588235294117647,0.3138549576317817,0.3333333333333333,0.0,0.39285714285714285,0.3333333333333333,0.0,0
0.47058823529411764,0.09502586112028172,1.0,1.0,0.375,0.0,0.0,1
0.11764705882352941,0.0702101903818642,1.0,1.0,0.8392857142857143,0.3333333333333333,0.0,0
0.5588235294117647,0.20441289754594474,1.0,0.6666666666666666,0.26785714285714285,0.0,0.0,1
0.10294117647058823,0.24876196764608782,0.3333333333333333,1.0,0.5714285714285714,0.0,0.0,0
0.7352941176470589,0.5054473423572136,0.3333333333333333,0.3333333333333333,0.35714285714285715,0.0,1.0,0
0.38235294117647056,0.1970947507428194,0.3333333333333333,0.0,0.05357142857142857,0.0,0.0,0
0.29411764705882354,0.313249697369869,0.0,0.0,0.44642857142857145,0.3333333333333333,0.0,1
0.16176470588235295,0.0529877847474414,1.0,0.6666666666666666,0.5,0.0,0.0,0
0.20588235294117646,0.07252118410916694,0.6666666666666666,1.0,0.08928571428571429,0.0,0.0,0
0.29411764705882354,0.08281060856168153,1.0,1.0,0.6964285714285714,0.0,0.0,0
0.08823529411764706,0.11362385825905139,0.6666666666666666,1.0,0.5892857142857143,0.0,0.0,0
0.11764705882352941,0.06393749312204247,1.0,0.3333333333333333,0.17857142857142858,0.3333333333333333,0.0,0
0.20588235294117646,0.05749972488169913,1.0,0.0,0.14285714285714285,0.3333333333333333,0.0,0
0.47058823529411764,0.6802024870694399,0.0,1.0,0.5,0.0,1.0,1
0.20588235294117646,0.10999229668757565,1.0,0.6666666666666666,0.19642857142857142,0.0,1.0,0
0.11764705882352941,0.04721030042918455,1.0,0.6666666666666666,0.16071428571428573,0.3333333333333333,0.0,1
0.11764705882352941,0.020248706943985915,1.0,1.0,0.6607142857142857,0.0,0.0,0
0.11764705882352941,0.06377242214152086,1.0,0.6666666666666666,0.625,0.0,0.0,0
0.11764705882352941,0.030097942115109497,1.0,0.6666666666666666,0.25,0.0,1.0,1
0.29411764705882354,0.18526466380543632,1.0,1.0,0.017857142857142856,0.3333333333333333,0.0,0
0.11764705882352941,0.05876526906569825,1.0,1.0,0.625,0.0,0.0,0
0.7352941176470589,0.8635963464289644,0.6666666666666666,1.0,0.6964285714285714,0.0,0.0,1
0.11764705882352941,0.09695168922636734,1.0,0.3333333333333333,0.75,0.0,0.0,0
0.20588235294117646,0.13051612193243095,1.0,1.0,0.26785714285714285,0.0,0.0,0
0.47058823529411764,0.11483437878287664,1.0,1.0,0.30357142857142855,0.0,0.0,0
0.23529411764705882,0.3745460548035655,0.6666666666666666,1.0,0.30357142857142855,0.3333333333333333,1.0,0
0.29411764705882354,0.06707384175195334,1.0,1.0,0.39285714285714285,0.0,0.0,0
0.47058823529411764,0.11406404754044239,1.0,1.0,0.08928571428571429,0.0,0.0,0
0.029411764705882353,0.03752613623858259,0.6666666666666666,0.3333333333333333,0.08928571428571429,0.0,0.0,0
0.07352941176470588,0.09183448883019699,1.0,0.6666666666666666,0.2857142857142857,0.0,0.0,0
0.11764705882352941,0.12077693408165512,0.3333333333333333,1.0,0.125,0.0,0.0,0
0.29411764705882354,0.6431165401122483,0.3333333333333333,0.6666666666666666,0.35714285714285715,0.3333333333333333,1.0,1
0.20588235294117646,0.34158688235941453,0.3333333333333333,1.0,0.35714285714285715,0.3333333333333333,1.0,1
0.11764705882352941,0.32067789149334214,0.3333333333333333,0.3333333333333333,0.23214285714285715,0.0,0.0,0
0.29411764705882354,0.4110817651590184,0.0,0.3333333333333333,0.19642857142857142,0.0,0.0,0
0.14705882352941177,0.06382744580169473,0.0,0.3333333333333333,0.2857142857142857,0.0,0.0,0
0.029411764705882353,0.06597336854847584,0.0,0.3333333333333333,0.21428571428571427,0.3333333333333333,1.0,0
0.16176470588235295,0.007813359744690216,1.0,1.0,0.07142857142857142,0.0,0.0,0
0.20588235294117646,0.33069219764498736,0.6666666666666666,0.6666666666666666,0.16071428571428573,0.0,0.0,0
0.47058823529411764,0.4184549356223176,1.0,0.3333333333333333,0.10714285714285714,0.3333333333333333,0.0,1
0.11764705882352941,0.07868383404864092,0.6666666666666666,0.0,0.2857142857142857,0.0,0.0,0
0.6470588235294118,0.18311874105865522,1.0,0.0,0.5,0.0,0.0,0
0.5588235294117647,0.3809838230439089,1.0,0.6666666666666666,0.19642857142857142,0.0,0.0,1
0.08823529411764706,0.10355452844723231,0.3333333333333333,0.6666666666666666,0.14285714285714285,0.3333333333333333,0.0,0
0.4264705882352941,0.22180037416088919,0.0,1.0,0.07142857142857142,0.3333333333333333,0.0,1
0.11764705882352941,0.116430064927919,0.6666666666666666,0.6666666666666666,0.30357142857142855,0.0,0.0,0
0.25,0.0872125013755915,0.6666666666666666,0.3333333333333333,0.10714285714285714,0.3333333333333333,0.0,1
0.29411764705882354,0.1990756025090789,1.0,0.3333333333333333,0.39285714285714285,0.3333333333333333,0.0,0
0.11764705882352941,0.08352591614394189,0.6666666666666666,0.3333333333333333,0.08928571428571429,0.0,0.0,0
0.08823529411764706,0.0292175635523275,1.0,1.0,0.7857142857142857,0.3333333333333333,0.0,0
0.20588235294117646,0.09210960713106636,1.0,0.6666666666666666,0.14285714285714285,0.0,0.0,1
0.11764705882352941,0.10294926818531969,1.0,0.3333333333333333,0.19642857142857142,0.3333333333333333,0.0,0
0.11764705882352941,0.02481567073841752,1.0,0.3333333333333333,0.375,0.0,0.0,0
0.11764705882352941,0.021404203807637284,1.0,0.3333333333333333,0.19642857142857142,0.0,0.0,1
0.11764705882352941,0.08858809287993838,1.0,0.3333333333333333,0.26785714285714285,0.3333333333333333,0.0,0
0.11764705882352941,0.1787718719049191,0.6666666666666666,0.3333333333333333,0.17857142857142858,0.3333333333333333,0.0,1
0.6470588235294118,0.45322988885220644,0.0,0.3333333333333333,0.08928571428571429,0.0,0.0,0
0.47058823529411764,0.36519203257400684,1.0,0.6666666666666666,0.17857142857142858,0.0,0.0,1
0.16176470588235295,0.1352481567073842,0.3333333333333333,0.6666666666666666,0.14285714285714285,0.3333333333333333,0.0,0
0.20588235294117646,0.09541102674149884,1.0,1.0,0.5,0.3333333333333333,0.0,0
0.8235294117647058,0.544404093760317,0.3333333333333333,1.0,0.03571428571428571,0.0,0.0,0
0.11764705882352941,0.05447342357213602,1.0,0.3333333333333333,0.3392857142857143,0.3333333333333333,0.0,0
0.3382352941176471,0.46016287003411466,0.3333333333333333,0.3333333333333333,0.14285714285714285,0.3333333333333333,0.0,0
0.11764705882352941,0.028392208649719378,1.0,0.6666666666666666,0.8392857142857143,0.0,0.0,1
0.16176470588235295,0.13634862991086166,1.0,0.3333333333333333,0.2857142857142857,0.6666666666666666,0.0,0
0.11764705882352941,0.08974358974358974,0.3333333333333333,0.3333333333333333,0.44642857142857145,0.0,0.0,0
0.029411764705882353,0.025255860019808517,0.3333333333333333,0.3333333333333333,0.14285714285714285,0.0,0.0,0
0.47058823529411764,0.2500825354902608,1.0,0.0,0.19642857142857142,0.0,0.0,0
0.3382352941176471,0.1742049081104875,0.6666666666666666,0.3333333333333333,0.14285714285714285,0.0,0.0,0
0.20588235294117646,0.12171233630461098,0.3333333333333333,0.3333333333333333,0.05357142857142857,0.0,0.0,1
0.25,0.11213821943435677,1.0,1.0,0.07142857142857142,0.0,0.0,0
0.6470588235294118,0.18245845713656872,1.0,0.3333333333333333,0.19642857142857142,0.0,0.0,0
0.029411764705882353,0.03356443270606361,0.0,1.0,0.35714285714285715,0.3333333333333333,0.0,0
0.11764705882352941,0.0237702211951139,1.0,0.6666666666666666,0.5714285714285714,0.3333333333333333,0.0,0
0.47058823529411764,0.2817761637504127,0.6666666666666666,0.3333333333333333,0.16071428571428573,0.3333333333333333,0.0,0
0.20588235294117646,0.0732915153516012,1.0,1.0,0.48214285714285715,0.3333333333333333,0.0,0
0.029411764705882353,0.060305931550566745,0.3333333333333333,1.0,0.4107142857142857,0.0,1.0,0
0.08823529411764706,0.09210960713106636,0.0,1.0,0.3392857142857143,0.0,0.0,0
0.47058823529411764,0.30802244965335096,1.0,0.0,0.08928571428571429,0.0,0.0,0
0.29411764705882354,0.41311764058545175,0.3333333333333333,1.0,0.17857142857142858,0.0,0.0,0
0.29411764705882354,0.3695939253879168,1.0,1.0,0.30357142857142855,0.0,0.0,0
0.11764705882352941,0.056784417299438755,0.3333333333333333,1.0,0.017857142857142856,0.0,0.0,1
0.07352941176470588,0.057114559260482006,0.6666666666666666,1.0,0.5178571428571429,0.3333333333333333,1.0,0
0.11764705882352941,0.004897105755474854,1.0,0.0,0.4642857142857143,0.0,0.0,0
0.29411764705882354,0.1794871794871795,0.3333333333333333,0.6666666666666666,0.3392857142857143,0.3333333333333333,0.0,0
0.029411764705882353,0.09067899196654561,0.0,0.3333333333333333,0.26785714285714285,0.3333333333333333,1.0,0
0.29411764705882354,0.14427203697589963,0.6666666666666666,1.0,0.30357142857142855,0.0,1.0,0
0.20588235294117646,0.04429404643996919,1.0,0.0,0.19642857142857142,0.3333333333333333,0.0,0
0.16176470588235295,0.055683944095961266,1.0,0.6666666666666666,0.30357142857142855,0.3333333333333333,0.0,0
0.08823529411764706,0.3883569935072081,0.3333333333333333,1.0,0.9107142857142857,0.0,0.0,0
0.47058823529411764,0.03626059205458347,1.0,1.0,0.30357142857142855,0.0,0.0,0
0.029411764705882353,0.15010454495433037,0.0,0.3333333333333333,0.23214285714285715,0.0,0.0,0
0.20588235294117646,0.04847584461318367,1.0,0.3333333333333333,0.25,0.0,0.0,1
0.10294117647058823,0.07301639705073182,1.0,0.0,0.017857142857142856,0.0,0.0,0
0.29411764705882354,0.20479806316716187,0.3333333333333333,1.0,0.10714285714285714,0.0,0.0,0
0.29411764705882354,0.09271486739297898,1.0,1.0,0.21428571428571427,0.3333333333333333,0.0,1
0.16176470588235295,0.03851656212171234,1.0,0.6666666666666666,0.25,0.3333333333333333,1.0,1
0.11764705882352941,0.028227137669197756,1.0,0.0,0.125,0.0,0.0,0
0.29411764705882354,0.09981291955540883,0.6666666666666666,0.3333333333333333,0.26785714285714285,0.0,0.0,1
0.058823529411764705,0.06404754044239022,1.0,0.3333333333333333,0.25,0.0,0.0,0
0.25,0.17409486079013975,0.3333333333333333,0.0,0.125,0.3333333333333333,0.0,1
0.38235294117647056,0.3980961813579839,1.0,0.0,0.6071428571428571,0.0,0.0,1
0.11764705882352941,0.12804005722460657,0.3333333333333333,0.0,0.4107142857142857,0.0,0.0,0
0.029411764705882353,0.004842082095300979,1.0,1.0,0.5892857142857143,0.3333333333333333,0.0,0
0.11764705882352941,0.09425552987784748,1.0,0.3333333333333333,0.21428571428571427,0.3333333333333333,1.0,0
0.25,0.0176625949158138,1.0,1.0,0.8214285714285714,0.3333333333333333,0.0,0
0.47058823529411764,0.5129305601408606,0.0,0.0,0.16071428571428573,0.3333333333333333,0.0,1
0.47058823529411764,0.23137449103114338,0.3333333333333333,0.3333333333333333,0.19642857142857142,0.3333333333333333,0.0,1
0.25,0.07686805326290305,1.0,0.3333333333333333,0.375,0.3333333333333333,1.0,1
0.29411764705882354,0.1940684494332563,1.0,1.0,0.5535714285714286,0.0,0.0,0
0.20588235294117646,0.0348850005502366,1.0,1.0,0.30357142857142855,0.0,1.0,1
0.16176470588235295,0.06107626279300099,1.0,0.3333333333333333,0.21428571428571427,0.3333333333333333,0.0,0
0.07352941176470588,0.26846043798833497,0.3333333333333333,1.0,0.9821428571428571,0.0,1.0,1
0.17647058823529413,0.05089688566083416,0.3333333333333333,0.6666666666666666,0.875,0.6666666666666666,0.0,0
0.11764705882352941,0.0233300319137229,1.0,0.0,0.017857142857142856,0.0,0.0,1
0.20588235294117646,0.16474083856058105,0.0,1.0,0.25,0.3333333333333333,0.0,0
0.29411764705882354,0.23885770881479035,0.3333333333333333,0.6666666666666666,0.625,0.6666666666666666,0.0,1
0.6470588235294118,0.1977550346649059,1.0,1.0,0.26785714285714285,0.0,1.0,1
0.3382352941176471,0.201661714537251,1.0,0.3333333333333333,0.30357142857142855,0.0,1.0,1
0.029411764705882353,0.10223396060305931,0.3333333333333333,0.3333333333333333,0.17857142857142858,0.0,0.0,0
0.6029411764705882,0.15302079894354573,1.0,1.0,0.03571428571428571,0.0,0.0,1
0.07352941176470588,0.06883459887751733,0.3333333333333333,0.6666666666666666,0.26785714285714285,0.3333333333333333,0.0,1
0.029411764705882353,0.06228678331682624,0.0,0.0,0.16071428571428573,0.3333333333333333,0.0,0
0.11764705882352941,0.038571585781886214,1.0,1.0,0.14285714285714285,1.0,0.0,1
0.29411764705882354,0.13810938703642567,1.0,1.0,0.30357142857142855,0.0,0.0,0
0.20588235294117646,0.2226807527236712,1.0,0.6666666666666666,0.375,0.0,0.0,1
0.07352941176470588,0.037746230879278087,1.0,0.3333333333333333,0.5892857142857143,0.3333333333333333,0.0,0
0.11764705882352941,0.050511720039617035,1.0,0.6666666666666666,0.14285714285714285,0.0,0.0,0
0.3382352941176471,0.26780015406624846,0.6666666666666666,1.0,0.125,0.3333333333333333,0.0,0
0.11764705882352941,0.035875426433366345,1.0,1.0,0.03571428571428571,0.0,0.0,1
0.11764705882352941,0.06850445691647408,1.0,0.0,0.3392857142857143,0.3333333333333333,1.0,0
0.38235294117647056,0.570760426983603,0.6666666666666666,1.0,0.3392857142857143,0.6666666666666666,1.0,0
0.11764705882352941,0.09271486739297898,1.0,1.0,0.42857142857142855,0.6666666666666666,0.0,0
0.11764705882352941,0.06459777704412897,1.0,0.6666666666666666,0.125,0.0,0.0,0
0.29411764705882354,0.34763948497854075,0.3333333333333333,0.3333333333333333,0.03571428571428571,0.0,0.0,0
0.11764705882352941,0.06399251678221635,0.6666666666666666,0.3333333333333333,0.6428571428571429,0.0,0.0,0
0.07352941176470588,0.15538681633102233,0.0,0.3333333333333333,0.25,0.3333333333333333,1.0,0
0.47058823529411764,0.19725982172334103,0.3333333333333333,1.0,0.4642857142857143,0.0,0.0,0
0.3382352941176471,0.27748431825685044,0.3333333333333333,1.0,0.5535714285714286,0.3333333333333333,0.0,1
0.38235294117647056,0.09122922856828436,1.0,1.0,0.8392857142857143,0.0,0.0,1
0.47058823529411764,0.17013315725762077,1.0,0.3333333333333333,0.5714285714285714,0.0,0.0,0
0.029411764705882353,0.03752613623858259,0.0,0.6666666666666666,0.35714285714285715,0.3333333333333333,0.0,0
0.20588235294117646,0.1570375261362386,0.6666666666666666,0.0,0.21428571428571427,0.0,0.0,0
0.47058823529411764,0.20155166721690326,0.3333333333333333,0.3333333333333333,0.07142857142857142,0.0,0.0,0
0.29411764705882354,0.15247056234180698,0.3333333333333333,0.3333333333333333,0.08928571428571429,0.0,0.0,0
0.08823529411764706,0.06129635743369649,0.3333333333333333,1.0,0.8035714285714286,0.0,0.0,0
0.11764705882352941,0.020633872565203038,1.0,0.0,0.125,0.0,0.0,0
0.11764705882352941,0.052272477165181026,1.0,1.0,0.07142857142857142,0.0,0.0,0
0.11764705882352941,0.025145812699460767,1.0,0.3333333333333333,0.19642857142857142,0.3333333333333333,0.0,0
0.29411764705882354,0.15010454495433037,1.0,1.0,0.23214285714285715,0.3333333333333333,1.0,0
0.16176470588235295,0.24248927038626608,0.6666666666666666,0.3333333333333333,0.19642857142857142,0.0,0.0,0
0.47058823529411764,0.13002090899086607,1.0,0.3333333333333333,0.14285714285714285,0.3333333333333333,0.0,0
0.6470588235294118,0.5893584241223726,0.0,0.3333333333333333,0.14285714285714285,0.3333333333333333,0.0,1
0.11764705882352941,0.41900517222405637,1.0,1.0,0.6071428571428571,0.0,0.0,1
0.07352941176470588,0.06756905469351822,1.0,0.3333333333333333,0.05357142857142857,0.0,0.0,1
0.29411764705882354,0.15951359084406294,1.0,0.0,0.05357142857142857,0.0,0.0,0
0.47058823529411764,0.21789369428854408,1.0,0.3333333333333333,0.125,0.0,0.0,1
0.07352941176470588,0.12418840101243535,0.3333333333333333,1.0,0.5714285714285714,0.0,0.0,0
0.11764705882352941,0.10404974138879718,0.6666666666666666,0.0,0.2857142857142857,0.0,0.0,0
0.20588235294117646,0.03389457466710685,1.0,0.3333333333333333,0.10714285714285714,0.0,0.0,0
0.0,0.07120061626499395,0.3333333333333333,0.0,0.4107142857142857,0.6666666666666666,1.0,0
0.29411764705882354,0.08655221745350501,1.0,0.3333333333333333,0.19642857142857142,0.0,1.0,1
0.029411764705882353,0.7871134587872786,0.0,0.3333333333333333,0.07142857142857142,0.0,0.0,1
0.25,0.1384945526576428,1.0,0.3333333333333333,0.75,0.3333333333333333,0.0,1
0.11764705882352941,0.05727963024100363,1.0,0.3333333333333333,0.2857142857142857,0.3333333333333333,0.0,0
0.38235294117647056,0.12501375591504346,0.0,0.6666666666666666,0.35714285714285715,0.0,1.0,0
0.29411764705882354,0.03659073401562672,1.0,0.3333333333333333,0.17857142857142858,0.0,0.0,1
0.029411764705882353,0.07400682293386156,0.6666666666666666,0.3333333333333333,0.5714285714285714,0.0,1.0,0
0.6470588235294118,0.2396280400572246,0.6666666666666666,1.0,0.08928571428571429,0.3333333333333333,1.0,1
0.11764705882352941,0.051447122262572906,0.6666666666666666,0.3333333333333333,0.14285714285714285,0.3333333333333333,0.0,0
0.11764705882352941,0.17591064157587763,1.0,0.6666666666666666,0.2857142857142857,0.0,1.0,0
0.29411764705882354,0.055463849455265765,1.0,0.0,0.10714285714285714,0.0,0.0,0
0.11764705882352941,0.025696049301199515,1.0,1.0,0.5892857142857143,0.6666666666666666,0.0,0
0.029411764705882353,0.05249257180587653,1.0,0.0,0.2857142857142857,0.0,0.0,0
0.29411764705882354,0.09216463079124024,0.3333333333333333,0.3333333333333333,0.125,0.0,0.0,0
0.20588235294117646,0.010069329811819083,0.6666666666666666,1.0,0.05357142857142857,0.0,0.0,1
0.029411764705882353,0.022889842632331903,0.6666666666666666,1.0,0.35714285714285715,0.3333333333333333,0.0,0
0.11764705882352941,0.1101023440079234,0.0,0.3333333333333333,0.48214285714285715,0.0,0.0,0
0.38235294117647056,0.10454495433036205,1.0,0.3333333333333333,0.08928571428571429,0.0,0.0,1
0.29411764705882354,0.21464729833828547,0.3333333333333333,0.6666666666666666,0.2857142857142857,0.3333333333333333,0.0,0
0.07352941176470588,0.09794211510949709,0.3333333333333333,0.0,0.08928571428571429,0.0,0.0,0
0.8235294117647058,0.3944095961263343,0.0,0.0,0.14285714285714285,0.0,0.0,0
0.29411764705882354,0.13392758886321118,1.0,0.3333333333333333,0.2857142857142857,0.3333333333333333,0.0,0
0.11764705882352941,0.10448993067018818,1.0,0.0,0.17857142857142858,0.0,0.0,1
0.16176470588235295,0.19599427753934193,0.0,1.0,0.07142857142857142,0.0,0.0,0
0.10294117647058823,0.04974138879718279,1.0,1.0,0.6785714285714286,0.6666666666666666,0.0,0
0.11764705882352941,0.07741828986464179,0.3333333333333333,0.3333333333333333,0.14285714285714285,0.0,0.0,0
0.29411764705882354,0.07444701221525256,1.0,1.0,0.6428571428571429,0.0,0.0,0
0.20588235294117646,0.27797953119841534,0.3333333333333333,1.0,0.30357142857142855,0.6666666666666666,0.0,0
0.11764705882352941,0.13744910311433917,0.3333333333333333,1.0,0.6785714285714286,0.6666666666666666,0.0,0
0.08823529411764706,0.05397821063057114,0.6666666666666666,1.0,0.23214285714285715,0.3333333333333333,1.0,0
0.16176470588235295,0.03037306041597887,1.0,0.6666666666666666,0.32142857142857145,0.0,1.0,1
0.47058823529411764,0.3331132386926378,1.0,1.0,0.30357142857142855,0.3333333333333333,0.0,0
0.29411764705882354,0.07059535600308132,1.0,0.6666666666666666,0.3392857142857143,0.0,0.0,0
0.14705882352941177,0.48024650599757895,0.0,1.0,0.4642857142857143,0.0,0.0,1
0.29411764705882354,0.0412127214702322,1.0,0.3333333333333333,0.10714285714285714,0.3333333333333333,0.0,0
0.20588235294117646,0.13271706833938593,1.0,0.6666666666666666,0.23214285714285715,0.0,0.0,0
0.11764705882352941,0.06338725652030373,0.6666666666666666,1.0,0.32142857142857145,0.0,0.0,0
0.6470588235294118,0.6558270056124134,1.0,1.0,0.30357142857142855,0.0,0.0,0
0.6470588235294118,0.15461648508858808,1.0,1.0,0.16071428571428573,0.3333333333333333,0.0,1
0.38235294117647056,0.6464179597226808,0.0,0.0,0.26785714285714285,0.0,0.0,1
0.07352941176470588,0.13464289644547156,0.0,0.3333333333333333,0.23214285714285715,0.0,1.0,0
0.20588235294117646,0.11852096401452625,0.3333333333333333,0.3333333333333333,0.125,0.3333333333333333,0.0,0
0.11764705882352941,0.055683944095961266,0.3333333333333333,1.0,0.5357142857142857,0.0,0.0,0
0.029411764705882353,0.23995818201826785,0.0,1.0,0.23214285714285715,0.0,0.0,1
0.29411764705882354,0.09084406294706723,1.0,1.0,0.17857142857142858,0.0,0.0,0
0.16176470588235295,0.17156377242214152,0.6666666666666666,1.0,0.07142857142857142,0.3333333333333333,0.0,0
0.11764705882352941,0.07285132607021019,1.0,0.3333333333333333,0.5535714285714286,0.0,0.0,0
0.20588235294117646,0.06575327390778035,1.0,1.0,0.5357142857142857,0.0,0.0,0
0.16176470588235295,0.06988004842082095,1.0,1.0,0.7857142857142857,0.0,0.0,0
0.29411764705882354,0.19962583911081766,1.0,0.3333333333333333,0.32142857142857145,0.0,0.0,0
0.6323529411764706,0.5762077693408165,0.0,0.0,0.2857142857142857,0.0,0.0,0
0.6470588235294118,0.2496973698690437,1.0,0.6666666666666666,0.125,0.0,1.0,0
0.6470588235294118,0.4034334763948498,0.3333333333333333,1.0,0.21428571428571427,0.0,0.0,0
0.11764705882352941,0.04632992186640255,1.0,1.0,0.5357142857142857,0.3333333333333333,0.0,0
0.29411764705882354,0.042588312974579066,1.0,1.0,0.5178571428571429,0.0,0.0,1
0.11764705882352941,0.045449543303620554,0.3333333333333333,0.3333333333333333,0.125,0.0,0.0,0
0.47058823529411764,0.5033564432706064,0.0,1.0,0.16071428571428573,0.0,0.0,1
0.29411764705882354,0.33944095961263343,0.3333333333333333,1.0,0.44642857142857145,0.3333333333333333,1.0,0
0.5588235294117647,0.2501375591504347,1.0,1.0,0.6607142857142857,0.0,0.0,0
0.6470588235294118,0.4060195884230219,1.0,0.3333333333333333,0.48214285714285715,0.3333333333333333,1.0,0
0.6470588235294118,0.534279740288324,0.0,0.3333333333333333,0.125,0.0,0.0,1
0.11764705882352941,0.24347969626939583,0.0,1.0,0.017857142857142856,0.0,0.0,0
0.08823529411764706,0.05705953560030813,1.0,0.3333333333333333,0.4642857142857143,0.0,0.0,0
0.20588235294117646,0.12462859029382635,0.6666666666666666,1.0,0.42857142857142855,0.0,0.0,0
0.25,0.13728403213381754,0.6666666666666666,0.3333333333333333,0.23214285714285715,0.3333333333333333,0.0,0
0.029411764705882353,0.02321998459337515,0.0,1.0,0.625,0.0,0.0,0
0.47058823529411764,0.19555408825795093,1.0,0.0,0.4107142857142857,0.0,0.0,1
0.29411764705882354,0.060195884230218995,1.0,0.3333333333333333,0.32142857142857145,0.3333333333333333,1.0,1
0.08823529411764706,0.04335864421701332,1.0,0.6666666666666666,0.5357142857142857,0.3333333333333333,0.0,0
0.6470588235294118,0.5434686915373611,0.3333333333333333,0.3333333333333333,0.44642857142857145,0.0,0.0,1
0.029411764705882353,0.07114559260482008,1.0,0.3333333333333333,0.25,0.0,0.0,0
0.38235294117647056,0.25096291405304283,0.3333333333333333,1.0,0.08928571428571429,0.0,0.0,0
0.11764705882352941,0.026246285902938263,1.0,0.6666666666666666,0.25,0.0,0.0,1
0.058823529411764705,0.054308352591614394,0.6666666666666666,1.0,0.08928571428571429,0.0,0.0,1
0.07352941176470588,0.001430615164520744,1.0,1.0,0.05357142857142857,0.0,0.0,0
0.6470588235294118,0.28232640035215145,0.6666666666666666,1.0,0.375,0.0,0.0,0
0.29411764705882354,0.28947947617475517,1.0,0.0,0.10714285714285714,0.0,0.0,0
0.29411764705882354,0.19252778694838782,0.3333333333333333,1.0,0.125,0.0,0.0,0
0.11764705882352941,0.023935292175635524,0.3333333333333333,0.6666666666666666,0.10714285714285714,0.0,0.0,1
0.0,0.06844943325630021,0.0,0.3333333333333333,0.17857142857142858,0.0,1.0,0
0.47058823529411764,0.13733905579399142,1.0,1.0,0.21428571428571427,0.0,0.0,1
0.11764705882352941,0.025200836359634642,0.3333333333333333,0.6666666666666666,0.3392857142857143,0.0,1.0,0
0.29411764705882354,0.22565203037306042,0.0,1.0,0.5178571428571429,0.0,0.0,0
0.11764705882352941,0.02481567073841752,1.0,0.3333333333333333,0.23214285714285715,0.3333333333333333,0.0,0
0.16176470588235295,0.18669527896995708,0.0,1.0,0.14285714285714285,0.3333333333333333,0.0,0
0.38235294117647056,0.22003961703532518,1.0,0.3333333333333333,0.16071428571428573,0.3333333333333333,0.0,1
0.29411764705882354,0.0928799383735006,1.0,0.6666666666666666,0.23214285714285715,0.0,0.0,1
0.29411764705882354,0.1463629360625069,0.3333333333333333,0.0,0.26785714285714285,0.0,0.0,0
0.20588235294117646,0.1325519973588643,1.0,0.3333333333333333,0.16071428571428573,0.0,0.0,0
0.20588235294117646,0.04280840761527457,1.0,0.6666666666666666,0.30357142857142855,0.3333333333333333,0.0,0
0.058823529411764705,0.17321448222735777,0.0,1.0,0.35714285714285715,0.3333333333333333,0.0,0
0.11764705882352941,0.3054363376251788,0.3333333333333333,1.0,0.5357142857142857,0.0,0.0,0
0.29411764705882354,0.07015516672169032,1.0,0.6666666666666666,0.26785714285714285,0.0,1.0,0
0.47058823529411764,0.23236491691427313,1.0,0.3333333333333333,0.21428571428571427,0.0,0.0,0
0.029411764705882353,0.04500935402222956,1.0,1.0,0.16071428571428573,0.0,1.0,0
0.29411764705882354,0.3502255970067129,0.3333333333333333,1.0,1.0,0.3333333333333333,0.0,0
0.20588235294117646,0.08880818752063387,1.0,0.3333333333333333,0.19642857142857142,0.3333333333333333,0.0,1
0.8235294117647058,0.39385935952459555,1.0,0.3333333333333333,0.08928571428571429,0.0,0.0,1
0.6470588235294118,0.6239683063717398,0.3333333333333333,1.0,0.08928571428571429,0.3333333333333333,0.0,1
0.29411764705882354,0.2123913282711566,0.6666666666666666,1.0,0.07142857142857142,0.3333333333333333,1.0,1
0.029411764705882353,0.17244415098492352,0.0,1.0,0.44642857142857145,0.0,0.0,1
0.1323529411764706,0.1018487949818422,0.3333333333333333,1.0,0.07142857142857142,0.0,0.0,0
0.16176470588235295,0.056399251678221636,1.0,0.3333333333333333,0.08928571428571429,0.0,0.0,1
0.29411764705882354,0.21563772422141522,1.0,1.0,0.16071428571428573,0.0,0.0,0
0.08823529411764706,0.06993507208099482,1.0,0.3333333333333333,0.21428571428571427,0.0,0.0,0
0.29411764705882354,0.3022449653350941,0.3333333333333333,1.0,0.08928571428571429,0.3333333333333333,0.0,0
0.25,0.1842742379223066,0.0,1.0,0.125,0.0,0.0,0
0.20588235294117646,0.16303510509519092,0.0,0.6666666666666666,0.10714285714285714,0.0,0.0,0
0.20588235294117646,0.2304941124683614,0.0,0.0,0.25,0.0,0.0,0
0.08823529411764706,0.20353251898316277,0.0,0.0,0.32142857142857145,0.0,1.0,0
0.16176470588235295,0.06652360515021459,1.0,0.3333333333333333,0.42857142857142855,0.0,0.0,0
0.1323529411764706,0.034774953229888855,1.0,1.0,0.07142857142857142,0.3333333333333333,0.0,0
0.29411764705882354,0.19302299988995267,0.0,1.0,0.07142857142857142,0.0,0.0,0
0.029411764705882353,0.08215032463959503,0.0,0.3333333333333333,0.26785714285714285,0.3333333333333333,0.0,0
0.07352941176470588,0.04875096291405304,1.0,0.6666666666666666,0.23214285714285715,0.3333333333333333,1.0,1
0.07352941176470588,0.05425332893144052,0.0,1.0,0.07142857142857142,0.0,0.0,0
0.07352941176470588,0.03901177506327721,0.0,0.3333333333333333,0.17857142857142858,0.0,0.0,1
0.20588235294117646,0.16391548365797293,0.3333333333333333,1.0,0.3392857142857143,0.0,0.0,0
0.11764705882352941,0.327335754374381,1.0,0.3333333333333333,0.16071428571428573,0.3333333333333333,0.0,1
0.08823529411764706,0.026246285902938263,1.0,1.0,0.48214285714285715,0.0,0.0,0
0.29411764705882354,0.05480356553317927,1.0,0.3333333333333333,0.07142857142857142,0.0,0.0,1
0.11764705882352941,0.11450423682183339,0.0,1.0,0.5357142857142857,0.0,0.0,0
0.47058823529411764,0.23181468031253438,1.0,0.3333333333333333,0.125,0.3333333333333333,0.0,1
0.11764705882352941,0.028942445251458126,1.0,0.3333333333333333,0.16071428571428573,0.0,0.0,0
0.38235294117647056,0.118631011334874,1.0,1.0,0.07142857142857142,0.0,0.0,1
0.20588235294117646,0.054418399911962144,1.0,1.0,0.75,0.0,0.0,0
0.11764705882352941,0.17326950588753165,0.3333333333333333,0.6666666666666666,0.32142857142857145,0.0,0.0,0
0.11764705882352941,0.1098822493672279,0.3333333333333333,0.3333333333333333,0.30357142857142855,0.3333333333333333,0.0,0
0.029411764705882353,0.08341586882359414,0.0,0.3333333333333333,0.03571428571428571,0.0,0.0,0
0.20588235294117646,0.1223175965665236,1.0,0.0,0.10714285714285714,0.0,0.0,1
0.11764705882352941,0.0710905689446462,0.3333333333333333,1.0,0.30357142857142855,0.0,0.0,0
0.20588235294117646,0.19808517662594916,0.6666666666666666,0.0,0.14285714285714285,0.3333333333333333,0.0,0
0.20588235294117646,0.1870804445911742,0.0,1.0,0.05357142857142857,0.0,0.0,0
0.47058823529411764,0.17585561791570375,1.0,0.3333333333333333,0.4107142857142857,0.0,1.0,1
0.20588235294117646,0.15137008913832947,0.3333333333333333,1.0,0.375,0.0,0.0,0
0.47058823529411764,0.1556619346318917,1.0,1.0,0.30357142857142855,0.0,0.0,0
0.20588235294117646,0.32023770221195114,0.6666666666666666,1.0,0.25,0.3333333333333333,0.0,0
0.08823529411764706,0.10432485968966655,0.0,0.6666666666666666,0.07142857142857142,0.3333333333333333,0.0,0
0.8235294117647058,0.7431495543083526,0.3333333333333333,1.0,0.7857142857142857,0.0,0.0,0
0.8235294117647058,0.7996038296467481,0.6666666666666666,1.0,0.7321428571428571,0.3333333333333333,0.0,1
0.6470588235294118,0.4091009133927589,0.3333333333333333,1.0,0.32142857142857145,0.0,0.0,1
0.20588235294117646,0.11389897655992076,0.3333333333333333,0.6666666666666666,0.26785714285714285,0.3333333333333333,0.0,0
0.04411764705882353,0.03279410146362936,0.6666666666666666,1.0,0.30357142857142855,0.0,0.0,0
0.47058823529411764,0.7740728513260702,1.0,0.3333333333333333,0.6785714285714286,0.0,0.0,1
0.029411764705882353,0.0061626499394739735,1.0,1.0,0.5892857142857143,0.3333333333333333,0.0,0
0.23529411764705882,0.10795642126114229,1.0,1.0,0.35714285714285715,0.0,0.0,0
0.20588235294117646,0.7002310993727303,0.6666666666666666,1.0,0.3392857142857143,0.0,0.0,1
0.2647058823529412,0.05683944095961263,1.0,1.0,0.10714285714285714,0.0,0.0,0
0.11764705882352941,0.05942555298778475,1.0,0.0,0.125,0.0,0.0,0
0.38235294117647056,0.2213051612193243,0.3333333333333333,0.3333333333333333,0.125,0.3333333333333333,0.0,0
0.20588235294117646,0.10938703642566304,0.3333333333333333,0.0,0.10714285714285714,0.3333333333333333,0.0,0
0.20588235294117646,0.04820072631231429,1.0,0.3333333333333333,0.03571428571428571,0.0,0.0,0
0.20588235294117646,0.39198855507868385,1.0,1.0,0.375,0.3333333333333333,0.0,0
0.16176470588235295,0.11422911852096401,0.3333333333333333,1.0,0.14285714285714285,0.0,0.0,0
0.07352941176470588,0.06597336854847584,0.6666666666666666,0.3333333333333333,0.14285714285714285,0.3333333333333333,0.0,0
0.20588235294117646,0.08638714647298339,0.3333333333333333,0.3333333333333333,0.19642857142857142,0.0,0.0,0
0.11764705882352941,0.040332342907450205,0.0,1.0,0.0,0.0,0.0,0
0.47058823529411764,0.16501595686145043,0.3333333333333333,1.0,0.35714285714285715,0.0,1.0,0
0.029411764705882353,0.09392538791680423,0.0,1.0,0.21428571428571427,0.0,0.0,0
0.07352941176470588,0.118631011334874,0.3333333333333333,0.6666666666666666,0.21428571428571427,0.0,0.0,0
0.5147058823529411,0.6333223286012986,0.3333333333333333,0.6666666666666666,0.23214285714285715,0.0,0.0,0
0.11764705882352941,0.12809508088478044,0.6666666666666666,1.0,0.6428571428571429,0.0,0.0,0
0.47058823529411764,0.11543963904478927,0.6666666666666666,0.3333333333333333,0.48214285714285715,0.3333333333333333,0.0,0
0.11764705882352941,0.05353802134918015,0.0,0.0,0.48214285714285715,0.3333333333333333,0.0,1
0.29411764705882354,0.06965995378012545,1.0,0.0,0.42857142857142855,0.3333333333333333,0.0,0
0.20588235294117646,0.06729393639264884,0.6666666666666666,1.0,0.35714285714285715,0.0,0.0,0
0.20588235294117646,0.090073731704633,1.0,1.0,0.16071428571428573,0.3333333333333333,0.0,0
0.29411764705882354,0.46208869814020026,0.3333333333333333,0.3333333333333333,0.14285714285714285,0.3333333333333333,0.0,1
0.14705882352941177,0.03037306041597887,1.0,0.3333333333333333,0.14285714285714285,0.3333333333333333,0.0,0
0.20588235294117646,0.14575767580059426,1.0,1.0,0.42857142857142855,0.0,1.0,0
0.29411764705882354,0.09843732805106195,0.0,0.0,0.05357142857142857,0.0,0.0,1
0.29411764705882354,0.10713106635853417,1.0,1.0,0.42857142857142855,0.3333333333333333,1.0,0
0.16176470588235295,0.04418399911962144,1.0,0.3333333333333333,0.14285714285714285,0.0,0.0,0
0.29411764705882354,0.16424562561901618,0.6666666666666666,0.3333333333333333,0.125,0.0,0.0,0
0.11764705882352941,0.03791130185979971,1.0,0.3333333333333333,0.16071428571428573,0.6666666666666666,0.0,1
0.29411764705882354,0.09447562451854297,1.0,1.0,0.017857142857142856,0.0,0.0,0
0.4264705882352941,0.385330692197645,0.6666666666666666,0.3333333333333333,0.2857142857142857,0.3333333333333333,0.0,0
0.11764705882352941,0.11235831407505227,1.0,0.3333333333333333,0.4107142857142857,0.3333333333333333,0.0,1
0.08823529411764706,0.07411687025420931,0.6666666666666666,0.3333333333333333,0.375,0.0,1.0,0
0.29411764705882354,0.06223175965665236,1.0,0.3333333333333333,0.2857142857142857,0.0,0.0,1
0.47058823529411764,0.3076923076923077,0.3333333333333333,0.3333333333333333,0.2857142857142857,0.3333333333333333,1.0,0
0.11764705882352941,0.12815010454495432,1.0,0.0,0.25,0.0,1.0,1
0.20588235294117646,0.45234951028942444,0.0,0.3333333333333333,0.07142857142857142,0.3333333333333333,0.0,0
0.25,0.1393199075602509,0.0,0.3333333333333333,0.21428571428571427,0.0,0.0,0
0.20588235294117646,0.04357873885770881,1.0,0.3333333333333333,0.25,0.0,0.0,1
0.16176470588235295,0.16154946627049632,0.3333333333333333,0.6666666666666666,0.017857142857142856,0.0,0.0,0
0.11764705882352941,0.09783206778914934,1.0,0.3333333333333333,0.19642857142857142,0.0,0.0,0
0.11764705882352941,0.03895675140310333,0.3333333333333333,0.6666666666666666,0.5,0.3333333333333333,1.0,0
0.25,0.07378672829316606,1.0,0.6666666666666666,0.26785714285714285,0.3333333333333333,0.0,0
0.11764705882352941,0.13821943435677342,0.0,0.3333333333333333,0.10714285714285714,0.0,0.0,1
0.20588235294117646,0.1391548365797293,0.0,0.6666666666666666,0.03571428571428571,0.0,0.0,0
0.35294117647058826,0.1371739848134698,1.0,0.3333333333333333,0.17857142857142858,0.3333333333333333,0.0,0
0.20588235294117646,0.049466270496313414,1.0,0.6666666666666666,0.48214285714285715,0.3333333333333333,0.0,0
0.07352941176470588,0.05849015076482888,0.0,1.0,0.017857142857142856,0.0,0.0,0
0.20588235294117646,0.05172224056344228,0.3333333333333333,1.0,0.6428571428571429,0.6666666666666666,1.0,1
0.014705882352941176,0.1759656652360515,0.0,1.0,0.9821428571428571,0.0,0.0,0
0.29411764705882354,0.6095521074061847,0.3333333333333333,0.6666666666666666,0.17857142857142858,0.3333333333333333,0.0,1
0.029411764705882353,0.08924837680202487,1.0,1.0,0.30357142857142855,0.6666666666666666,0.0,0
0.29411764705882354,0.09948277759436558,1.0,0.3333333333333333,0.25,0.3333333333333333,0.0,0
0.07352941176470588,0.10377462308792781,0.6666666666666666,0.3333333333333333,0.10714285714285714,0.0,0.0,0
0.11764705882352941,0.06789919665456146,0.3333333333333333,0.0,0.10714285714285714,0.0,0.0,1
0.029411764705882353,0.022559700671288655,0.3333333333333333,1.0,0.07142857142857142,0.0,0.0,0
0.29411764705882354,0.05705953560030813,1.0,1.0,0.32142857142857145,0.3333333333333333,0.0,0
0.5588235294117647,0.17299438758666227,1.0,1.0,0.8214285714285714,0.3333333333333333,0.0,0
0.11764705882352941,0.019753494002421042,1.0,0.0,0.125,0.0,0.0,1
0.11764705882352941,0.08990866072411137,1.0,1.0,0.35714285714285715,0.0,0.0,0
0.11764705882352941,0.07538241443820842,0.3333333333333333,0.6666666666666666,0.19642857142857142,0.0,0.0,0
0.23529411764705882,0.13090128755364808,0.3333333333333333,0.6666666666666666,0.17857142857142858,0.3333333333333333,0.0,0
0.11764705882352941,0.025806096621547266,1.0,1.0,0.39285714285714285,0.0,1.0,1
0.6470588235294118,0.2666446572025971,0.3333333333333333,0.6666666666666666,0.19642857142857142,0.0,0.0,1
0.07352941176470588,0.05469351821283152,1.0,1.0,0.39285714285714285,0.3333333333333333,0.0,0
0.47058823529411764,0.08759766699680863,1.0,1.0,0.26785714285714285,0.0,0.0,1
0.04411764705882353,0.1279850335644327,0.3333333333333333,0.3333333333333333,0.2857142857142857,0.0,0.0,0
0.11764705882352941,0.06459777704412897,0.6666666666666666,1.0,0.6428571428571429,0.0,0.0,0
0.16176470588235295,0.06943985913942996,0.6666666666666666,0.6666666666666666,0.75,0.3333333333333333,0.0,1
0.47058823529411764,0.594475624518543,1.0,0.3333333333333333,0.19642857142857142,0.0,0.0,0
0.029411764705882353,0.014746340926598437,0.6666666666666666,0.0,0.17857142857142858,0.0,0.0,0
0.11764705882352941,0.1380543633762518,0.3333333333333333,1.0,0.26785714285714285,0.3333333333333333,0.0,0
0.29411764705882354,0.13315725762077693,1.0,1.0,0.2857142857142857,0.0,0.0,0
0.29411764705882354,0.2512930560140861,0.3333333333333333,0.6666666666666666,0.21428571428571427,0.0,0.0,1
0.29411764705882354,0.1336524705623418,1.0,0.0,0.17857142857142858,0.0,0.0,0
0.10294117647058823,0.20111147793551226,0.3333333333333333,0.3333333333333333,0.30357142857142855,0.3333333333333333,1.0,0
0.11764705882352941,0.17255419830527127,0.6666666666666666,1.0,0.2857142857142857,0.0,0.0,1
0.029411764705882353,0.005117200396170353,1.0,0.0,0.14285714285714285,0.0,0.0,0
0.20588235294117646,0.23902277979531197,0.6666666666666666,0.3333333333333333,0.23214285714285715,0.0,0.0,0
0.47058823529411764,0.18542973478595795,0.0,0.3333333333333333,0.32142857142857145,0.0,1.0,0
0.16176470588235295,0.08093980411576979,0.3333333333333333,0.6666666666666666,0.30357142857142855,0.0,0.0,0
0.11764705882352941,0.15225046770111147,0.6666666666666666,0.0,0.26785714285714285,0.0,0.0,0
0.11764705882352941,0.027731924727632883,1.0,1.0,0.3392857142857143,0.3333333333333333,0.0,0
0.20588235294117646,0.0935402222955871,1.0,0.0,0.26785714285714285,0.3333333333333333,0.0,0
0.29411764705882354,0.1471332673049411,0.6666666666666666,1.0,0.7857142857142857,0.0,1.0,0
0.29411764705882354,0.07752833718498954,1.0,0.3333333333333333,0.17857142857142858,0.0,0.0,1
0.6470588235294118,0.3845053372950369,0.6666666666666666,0.6666666666666666,0.23214285714285715,0.3333333333333333,1.0,0
0.4264705882352941,0.13832948167712117,0.3333333333333333,0.3333333333333333,0.125,0.3333333333333333,0.0,0
0.29411764705882354,0.24369979091009134,0.6666666666666666,0.6666666666666666,0.2857142857142857,0.3333333333333333,0.0,0
0.29411764705882354,0.15637724221415208,0.6666666666666666,0.3333333333333333,0.05357142857142857,0.0,0.0,1
0.029411764705882353,0.010894684714427203,1.0,1.0,0.07142857142857142,0.0,0.0,1
0.07352941176470588,0.022229558710245404,1.0,0.6666666666666666,0.16071428571428573,0.0,0.0,1
0.029411764705882353,0.05436337625178827,1.0,1.0,0.30357142857142855,0.0,1.0,0
0.20588235294117646,0.054748541873005395,1.0,0.3333333333333333,0.25,0.0,0.0,1
0.20588235294117646,0.15758776273797734,0.0,1.0,0.125,0.0,0.0,1
0.5147058823529411,0.1275998679432156,1.0,1.0,0.08928571428571429,0.0,0.0,0
0.29411764705882354,0.2697259821723341,1.0,0.3333333333333333,0.10714285714285714,0.0,0.0,0
0.11764705882352941,0.043303620556839444,0.6666666666666666,1.0,0.35714285714285715,0.0,0.0,0
0.16176470588235295,0.06756905469351822,1.0,1.0,0.44642857142857145,0.3333333333333333,1.0,0
0.11764705882352941,0.18284362275778585,0.0,0.0,0.07142857142857142,0.0,0.0,0
0.29411764705882354,0.0523275008253549,1.0,0.0,0.125,0.0,0.0,0
0.38235294117647056,0.1855397821063057,1.0,1.0,0.6785714285714286,0.3333333333333333,0.0,0
0.16176470588235295,0.039066798723451084,0.6666666666666666,0.3333333333333333,0.19642857142857142,0.3333333333333333,0.0,0
0.11764705882352941,0.05023660173874766,1.0,1.0,0.44642857142857145,0.0,0.0,0
0.029411764705882353,0.0527676901067459,1.0,1.0,0.5,0.0,0.0,1
0.11764705882352941,0.15555188731154396,0.3333333333333333,1.0,0.5892857142857143,0.0,0.0,0
0.29411764705882354,0.1929679762297788,1.0,1.0,0.7678571428571429,0.0,0.0,0
0.08823529411764706,0.06426763508308572,0.6666666666666666,0.3333333333333333,0.2857142857142857,0.0,0.0,0
0.029411764705882353,0.17981732144822274,0.3333333333333333,0.6666666666666666,0.125,0.0,0.0,0
0.11764705882352941,0.0926598437328051,0.3333333333333333,0.3333333333333333,0.125,0.3333333333333333,0.0,0
0.3382352941176471,0.4439308902828216,0.3333333333333333,1.0,0.4107142857142857,0.3333333333333333,0.0,1
0.029411764705882353,0.054308352591614394,0.0,0.0,0.14285714285714285,0.3333333333333333,0.0,0
0.029411764705882353,0.006492791900517223,1.0,1.0,0.3392857142857143,0.0,0.0,0
0.11764705882352941,0.10300429184549356,0.6666666666666666,0.3333333333333333,0.35714285714285715,0.3333333333333333,1.0,0
0.29411764705882354,0.1510949708374601,0.3333333333333333,1.0,0.017857142857142856,0.0,0.0,1
0.47058823529411764,0.48332783096731596,1.0,0.0,0.17857142857142858,0.0,0.0,1
0.29411764705882354,0.07345658633212282,1.0,0.6666666666666666,0.375,0.3333333333333333,0.0,0
0.20588235294117646,0.057829866842742376,1.0,0.3333333333333333,0.23214285714285715,0.0,0.0,0
0.029411764705882353,0.05904038736656762,0.3333333333333333,1.0,0.16071428571428573,0.3333333333333333,1.0,0
0.29411764705882354,0.15808297567954221,1.0,0.0,0.14285714285714285,0.0,0.0,1
0.47058823529411764,0.2884890502916254,0.3333333333333333,1.0,0.4107142857142857,0.0,1.0,0
0.07352941176470588,0.04820072631231429,0.3333333333333333,1.0,0.5357142857142857,0.0,0.0,0
0.29411764705882354,0.05315285572796302,1.0,1.0,0.3392857142857143,0.3333333333333333,1.0,1
0.29411764705882354,0.05265764278639815,1.0,1.0,0.08928571428571429,0.0,0.0,1
0.08823529411764706,0.05827005612413338,1.0,1.0,0.14285714285714285,0.0,0.0,1
0.16176470588235295,0.11609992296687575,0.3333333333333333,0.3333333333333333,0.30357142857142855,0.0,0.0,0
0.16176470588235295,0.36315615714757343,0.0,0.3333333333333333,0.26785714285714285,0.0,1.0,1
0.29411764705882354,0.06399251678221635,1.0,0.3333333333333333,0.16071428571428573,0.0,0.0,0
0.5147058823529411,0.4587872785297678,1.0,0.3333333333333333,0.4642857142857143,0.0,0.0,0
0.11764705882352941,0.028007043028502255,1.0,0.3333333333333333,0.125,0.0,0.0,1
0.47058823529411764,0.24408495653130846,0.3333333333333333,0.3333333333333333,0.23214285714285715,0.0,0.0,0
0.16176470588235295,0.1340926598437328,0.3333333333333333,1.0,0.125,0.0,0.0,0
0.11764705882352941,0.018432926158248045,1.0,1.0,0.017857142857142856,0.3333333333333333,0.0,0
0.29411764705882354,0.1103224386486189,1.0,0.0,0.625,0.0,0.0,0
0.029411764705882353,0.019753494002421042,1.0,0.6666666666666666,0.32142857142857145,0.3333333333333333,0.0,0
0.029411764705882353,0.061131286453174866,0.3333333333333333,1.0,0.375,0.0,1.0,0
0.47058823529411764,0.37839771101573677,0.3333333333333333,1.0,0.07142857142857142,0.3333333333333333,0.0,1
0.029411764705882353,0.05243754814570265,0.6666666666666666,0.3333333333333333,0.42857142857142855,0.0,0.0,0
0.029411764705882353,0.024760647078243644,1.0,1.0,0.30357142857142855,0.3333333333333333,0.0,0
0.29411764705882354,0.28925938153405967,0.6666666666666666,1.0,0.44642857142857145,0.3333333333333333,0.0,0
0.20588235294117646,0.16176956091119182,0.3333333333333333,0.3333333333333333,0.08928571428571429,0.0,0.0,1
0.6470588235294118,0.37795752173434577,0.6666666666666666,1.0,0.6071428571428571,0.3333333333333333,1.0,1
0.29411764705882354,0.17816661164300648,0.6666666666666666,1.0,0.07142857142857142,0.0,0.0,0
0.20588235294117646,0.04748541873005392,1.0,1.0,0.125,0.0,1.0,0
0.3235294117647059,0.4245625619016177,0.3333333333333333,0.6666666666666666,0.19642857142857142,0.3333333333333333,0.0,0
0.16176470588235295,0.07054033234290745,1.0,0.6666666666666666,0.21428571428571427,0.0,0.0,0
0.0,0.06894464619786508,0.3333333333333333,0.0,0.4107142857142857,0.3333333333333333,1.0,0
0.47058823529411764,0.11290855067679102,1.0,1.0,0.21428571428571427,0.0,0.0,1
0.029411764705882353,0.022669747991636402,0.6666666666666666,1.0,0.39285714285714285,0.0,1.0,0
0.47058823529411764,0.11131286453174866,0.6666666666666666,0.0,0.23214285714285715,0.3333333333333333,1.0,0
0.16176470588235295,0.13101133487399583,0.3333333333333333,1.0,0.16071428571428573,0.3333333333333333,0.0,1
0.11764705882352941,0.06894464619786508,1.0,1.0,0.39285714285714285,0.0,0.0,0
0.29411764705882354,0.05838010344448113,1.0,0.6666666666666666,0.125,0.0,0.0,0
0.29411764705882354,0.15709254979641246,1.0,0.3333333333333333,0.10714285714285714,0.3333333333333333,0.0,0
0.25,0.11384395289974689,0.3333333333333333,0.0,0.25,0.0,0.0,1
0.029411764705882353,0.061846594035435236,1.0,0.6666666666666666,1.0,0.0,0.0,0
0.20588235294117646,0.18498954550456698,0.6666666666666666,1.0,0.32142857142857145,0.0,0.0,0
0.6470588235294118,0.4133927588863211,1.0,1.0,0.4107142857142857,0.0,0.0,1
0.20588235294117646,0.15401122482667548,0.0,0.0,0.4642857142857143,0.0,0.0,0
0.11764705882352941,0.0706503796632552,0.0,0.0,0.07142857142857142,0.0,0.0,1
0.29411764705882354,0.09805216242984484,1.0,1.0,0.7321428571428571,0.3333333333333333,0.0,0
0.38235294117647056,0.33564432706063607,1.0,1.0,0.21428571428571427,0.0,0.0,1
0.20588235294117646,0.14383184769450863,0.3333333333333333,0.0,0.26785714285714285,0.0,1.0,1
0.11764705882352941,0.05529877847474414,1.0,1.0,0.75,0.3333333333333333,0.0,0
0.29411764705882354,0.059590623968306375,1.0,0.3333333333333333,0.42857142857142855,0.3333333333333333,1.0,1
0.29411764705882354,0.09750192582810609,1.0,1.0,0.32142857142857145,0.0,0.0,0
0.29411764705882354,0.07164080554638494,0.6666666666666666,0.0,0.23214285714285715,0.0,1.0,0
0.11764705882352941,0.020688896225376913,1.0,1.0,0.08928571428571429,0.0,0.0,1
0.6470588235294118,0.473643666776714,0.3333333333333333,0.0,0.2857142857142857,0.3333333333333333,0.0,0
0.11764705882352941,0.041047650489710576,1.0,1.0,0.07142857142857142,0.3333333333333333,0.0,0
0.029411764705882353,0.08253549026081215,0.3333333333333333,1.0,0.4642857142857143,0.0,1.0,0
0.6470588235294118,0.3713546825134808,0.0,0.0,0.26785714285714285,0.3333333333333333,0.0,1
0.11764705882352941,0.09601628700341147,1.0,0.0,0.14285714285714285,0.0,0.0,0
0.07352941176470588,0.05221745350500715,1.0,1.0,0.8571428571428571,0.3333333333333333,0.0,0
0.11764705882352941,0.059480576647958625,0.3333333333333333,0.0,0.05357142857142857,0.0,0.0,1
0.20588235294117646,0.11158798283261803,0.6666666666666666,0.6666666666666666,0.16071428571428573,0.3333333333333333,0.0,1
0.25,0.26152745680642675,0.0,1.0,0.17857142857142858,0.3333333333333333,0.0,1
0.29411764705882354,0.18168812589413447,0.6666666666666666,1.0,0.14285714285714285,0.0,0.0,1
0.20588235294117646,0.09232970177176186,0.3333333333333333,0.3333333333333333,0.21428571428571427,0.3333333333333333,0.0,1
0.29411764705882354,0.14933421371189612,1.0,1.0,0.5357142857142857,0.0,1.0,0
0.29411764705882354,0.0713106635853417,1.0,1.0,0.08928571428571429,0.0,0.0,1
0.029411764705882353,0.023825244855287774,0.3333333333333333,0.0,0.17857142857142858,0.0,0.0,0
0.47058823529411764,0.6679322108506658,0.0,1.0,0.32142857142857145,0.0,0.0,1
0.29411764705882354,0.24551557169582922,1.0,0.3333333333333333,0.32142857142857145,0.3333333333333333,0.0,0
0.29411764705882354,0.07169582920655881,0.6666666666666666,0.3333333333333333,0.07142857142857142,0.3333333333333333,0.0,0
0.11764705882352941,0.061736546715087486,0.3333333333333333,0.6666666666666666,0.30357142857142855,0.0,0.0,1
0.29411764705882354,0.12809508088478044,0.3333333333333333,0.3333333333333333,0.26785714285714285,0.0,0.0,0
0.6470588235294118,0.205183228788379,1.0,0.0,0.39285714285714285,0.3333333333333333,1.0,0
0.6470588235294118,0.358093980411577,0.6666666666666666,0.3333333333333333,0.21428571428571427,0.0,0.0,1
0.29411764705882354,0.1641906019588423,1.0,1.0,0.07142857142857142,0.0,0.0,1
0.38235294117647056,0.3138549576317817,0.6666666666666666,0.3333333333333333,0.3392857142857143,0.0,0.0,0
0.29411764705882354,0.2851876306811929,0.3333333333333333,1.0,0.125,0.0,0.0,0
0.16176470588235295,0.03059315505667437,1.0,1.0,0.05357142857142857,0.0,0.0,0
0.07352941176470588,0.045779685264663805,1.0,1.0,0.14285714285714285,0.3333333333333333,0.0,0
0.16176470588235295,0.13965004952129415,0.3333333333333333,0.6666666666666666,0.08928571428571429,0.3333333333333333,0.0,0
0.11764705882352941,0.14746340926598436,0.3333333333333333,0.0,0.14285714285714285,0.0,0.0,0
0.29411764705882354,0.09227467811158799,0.6666666666666666,0.3333333333333333,0.25,0.3333333333333333,0.0,0
0.47058823529411764,0.14141080664685815,1.0,1.0,0.14285714285714285,0.3333333333333333,0.0,1
0.29411764705882354,0.03780125453945196,1.0,0.6666666666666666,0.14285714285714285,0.3333333333333333,0.0,0
0.20588235294117646,0.044349070100143065,0.6666666666666666,0.6666666666666666,0.19642857142857142,0.3333333333333333,0.0,1
0.11764705882352941,0.1581379993397161,0.0,0.6666666666666666,0.5357142857142857,0.3333333333333333,1.0,0
0.07352941176470588,0.06261692527786948,1.0,0.3333333333333333,0.125,0.0,0.0,0
0.47058823529411764,0.11742049081104874,1.0,0.0,0.25,0.0,0.0,1
0.11764705882352941,0.10360955210740619,1.0,1.0,0.5892857142857143,0.0,0.0,0
0.20588235294117646,0.09843732805106195,0.0,1.0,0.017857142857142856,0.0,0.0,1
0.07352941176470588,0.14025530978320677,0.3333333333333333,0.3333333333333333,0.30357142857142855,0.3333333333333333,1.0,0
0.11764705882352941,0.05716958292065588,1.0,0.0,0.03571428571428571,0.0,0.0,0
0.20588235294117646,0.0532078793881369,1.0,0.6666666666666666,0.5,0.0,0.0,1
0.11764705882352941,0.10982722570705403,0.6666666666666666,0.6666666666666666,0.7321428571428571,0.3333333333333333,0.0,1
0.11764705882352941,0.007428194123473094,1.0,0.6666666666666666,0.6964285714285714,1.0,0.0,0
0.29411764705882354,0.09436557719819523,1.0,1.0,0.4107142857142857,0.3333333333333333,0.0,0
0.25,0.07274127874986244,1.0,1.0,0.30357142857142855,0.0,0.0,0
0.29411764705882354,0.1357983933091229,0.6666666666666666,1.0,0.017857142857142856,0.0,0.0,1
0.29411764705882354,0.06096621547265324,1.0,0.6666666666666666,0.375,0.0,0.0,1
0.029411764705882353,0.03747111257840872,0.0,0.0,0.23214285714285715,0.0,0.0,1
0.29411764705882354,0.06558820292725873,1.0,1.0,0.07142857142857142,0.3333333333333333,0.0,1
0.29411764705882354,0.21959942775393418,0.0,1.0,0.30357142857142855,0.6666666666666666,0.0,1
0.20588235294117646,0.1389347419390338,0.3333333333333333,0.3333333333333333,0.21428571428571427,0.3333333333333333,0.0,1
0.29411764705882354,0.19880048420820953,0.0,0.3333333333333333,0.23214285714285715,0.0,0.0,0
0.04411764705882353,0.11439418950148564,0.0,0.0,0.4642857142857143,0.0,0.0,0
0.07352941176470588,0.03675580499614834,1.0,0.0,0.19642857142857142,0.0,0.0,1
0.29411764705882354,0.08732254869593925,1.0,1.0,0.26785714285714285,0.0,0.0,1
0.47058823529411764,0.1705183228788379,1.0,0.3333333333333333,0.16071428571428573,0.0,0.0,1
0.08823529411764706,0.056399251678221636,1.0,0.3333333333333333,0.07142857142857142,0.0,0.0,0
0.29411764705882354,0.14185099592824915,1.0,1.0,0.05357142857142857,0.0,0.0,0
0.29411764705882354,0.2352811709034885,0.6666666666666666,0.3333333333333333,0.9821428571428571,0.0,0.0,0
0.47058823529411764,0.1332122812809508,1.0,1.0,0.5535714285714286,0.0,0.0,1
0.20588235294117646,0.09909761197314845,1.0,0.0,0.25,0.0,0.0,0
0.16176470588235295,0.0577748431825685,1.0,1.0,0.4642857142857143,0.0,1.0,0
0.11764705882352941,0.02701661714537251,1.0,0.6666666666666666,0.05357142857142857,0.0,0.0,1
0.08823529411764706,0.05447342357213602,0.0,1.0,0.5178571428571429,0.0,1.0,1
0.25,0.1709585121602289,1.0,0.3333333333333333,0.17857142857142858,0.0,0.0,0
0.29411764705882354,0.18609001870804445,0.0,1.0,0.05357142857142857,0.0,0.0,0
0.20588235294117646,0.08572686255089688,1.0,0.0,0.05357142857142857,0.0,0.0,1
0.6470588235294118,0.6577528337184989,0.3333333333333333,0.3333333333333333,0.5178571428571429,0.0,0.0,0
0.8235294117647058,0.4900957411687025,0.3333333333333333,0.3333333333333333,0.14285714285714285,0.0,0.0,0
0.029411764705882353,0.18851105975569496,0.0,0.6666666666666666,0.32142857142857145,0.6666666666666666,1.0,0
0.38235294117647056,0.17558049961483438,0.3333333333333333,1.0,0.03571428571428571,0.0,0.0,1
0.11764705882352941,0.02145922746781116,1.0,0.3333333333333333,0.5357142857142857,0.0,0.0,0
0.25,0.18719049191152196,0.3333333333333333,0.6666666666666666,0.14285714285714285,0.3333333333333333,0.0,0
0.20588235294117646,0.0704302850225597,0.6666666666666666,0.3333333333333333,0.23214285714285715,0.3333333333333333,0.0,1
0.6470588235294118,0.20160669087707714,1.0,0.3333333333333333,0.3392857142857143,0.0,0.0,1
0.11764705882352941,0.08847804555959063,1.0,0.0,0.05357142857142857,0.0,0.0,0
0.20588235294117646,0.1293056014086057,1.0,1.0,0.8214285714285714,0.3333333333333333,0.0,1
0.16176470588235295,0.09513590844062947,1.0,0.3333333333333333,0.2857142857142857,0.0,0.0,0
0.029411764705882353,0.10267414988445031,0.3333333333333333,0.3333333333333333,0.39285714285714285,0.0,0.0,0
0.07352941176470588,0.06531308462638935,0.3333333333333333,0.6666666666666666,0.17857142857142858,0.0,0.0,1
0.5588235294117647,0.2086497193793331,1.0,1.0,0.30357142857142855,0.3333333333333333,0.0,0
0.07352941176470588,0.1970947507428194,0.0,1.0,0.8035714285714286,0.0,0.0,0
0.29411764705882354,0.18763068119291296,0.3333333333333333,1.0,0.16071428571428573,0.0,0.0,0
0.20588235294117646,0.07169582920655881,1.0,0.6666666666666666,0.44642857142857145,0.0,0.0,1
0.16176470588235295,0.06569825024760648,1.0,0.0,0.07142857142857142,0.0,0.0,0
0.07352941176470588,0.09519093210080334,0.3333333333333333,0.3333333333333333,0.0,0.3333333333333333,0.0,1
0.29411764705882354,0.060801144492131615,0.6666666666666666,1.0,0.10714285714285714,0.0,0.0,1
0.11764705882352941,0.06289204357873886,1.0,1.0,0.5,0.6666666666666666,1.0,0
0.29411764705882354,0.061956641355782986,1.0,0.0,0.16071428571428573,0.0,0.0,0
0.8235294117647058,0.847529437658193,0.3333333333333333,1.0,0.03571428571428571,0.3333333333333333,0.0,0
0.11764705882352941,0.06839440959612633,1.0,0.6666666666666666,0.26785714285714285,0.0,1.0,0
0.5588235294117647,0.22669747991636405,0.6666666666666666,0.3333333333333333,0.125,0.3333333333333333,1.0,1
0.20588235294117646,0.027511830086937382,1.0,0.0,0.14285714285714285,0.0,0.0,1
0.16176470588235295,0.0582150324639595,1.0,1.0,0.3392857142857143,0.3333333333333333,0.0,0
0.16176470588235295,0.24061846594035435,0.6666666666666666,0.3333333333333333,0.375,0.0,0.0,1
0.29411764705882354,0.0880928799383735,1.0,0.3333333333333333,0.25,0.3333333333333333,0.0,0
0.20588235294117646,0.08968856608341587,1.0,0.0,0.23214285714285715,0.3333333333333333,0.0,0
0.47058823529411764,0.4253328931440519,1.0,1.0,0.14285714285714285,0.3333333333333333,0.0,1
0.38235294117647056,0.23841751953339937,0.3333333333333333,0.3333333333333333,0.23214285714285715,0.3333333333333333,0.0,0
0.11764705882352941,0.06250687795752173,0.3333333333333333,0.3333333333333333,0.125,0.0,0.0,1
0.29411764705882354,0.03835149114119071,1.0,0.6666666666666666,0.3392857142857143,0.0,1.0,1
0.11764705882352941,0.02388026851546165,1.0,1.0,0.375,0.0,1.0,1
0.6470588235294118,0.39760096841641906,1.0,0.0,0.5535714285714286,0.0,0.0,0
0.11764705882352941,0.09199955981071861,1.0,0.3333333333333333,0.32142857142857145,0.0,0.0,1
0.29411764705882354,0.1129635743369649,1.0,0.0,0.4642857142857143,0.0,0.0,1
0.47058823529411764,0.4311654011224827,0.3333333333333333,1.0,0.4107142857142857,1.0,0.0,1
0.29411764705882354,0.11532959172444152,1.0,0.6666666666666666,0.2857142857142857,0.3333333333333333,0.0,0
0.14705882352941177,0.20485308682733575,0.0,1.0,0.05357142857142857,0.0,0.0,0
0.11764705882352941,0.0351050951909321,1.0,1.0,0.39285714285714285,0.0,1.0,1
0.6470588235294118,0.5486959392538792,1.0,0.6666666666666666,0.32142857142857145,0.0,0.0,0
0.38235294117647056,0.2184989545504567,0.3333333333333333,0.0,0.16071428571428573,0.3333333333333333,0.0,0
0.20588235294117646,0.33624958732254867,0.3333333333333333,0.0,0.39285714285714285,0.0,0.0,0
0.11764705882352941,0.05760977220204688,0.6666666666666666,1.0,0.07142857142857142,0.0,0.0,0
0.11764705882352941,0.0357653791130186,1.0,0.3333333333333333,0.07142857142857142,0.0,0.0,1
0.25,0.10955210740618467,1.0,0.3333333333333333,0.5535714285714286,0.3333333333333333,0.0,0
0.029411764705882353,0.044018928139099814,1.0,0.0,0.2857142857142857,0.3333333333333333,0.0,0
0.029411764705882353,0.04385385715857819,0.3333333333333333,1.0,0.5535714285714286,0.0,0.0,0
0.29411764705882354,0.33366347529437657,1.0,0.3333333333333333,0.14285714285714285,0.3333333333333333,0.0,0
0.38235294117647056,0.17860680092439749,1.0,0.3333333333333333,0.26785714285714285,0.0,1.0,0
0.6470588235294118,0.18482447452404535,0.0,0.0,0.14285714285714285,0.0,0.0,0
0.11764705882352941,0.2527236711786068,0.6666666666666666,1.0,0.42857142857142855,0.3333333333333333,0.0,1
0.38235294117647056,0.15225046770111147,1.0,1.0,0.5,0.0,0.0,0
0.29411764705882354,0.21398701441619897,0.6666666666666666,0.6666666666666666,0.14285714285714285,0.3333333333333333,0.0,0
0.47058823529411764,0.3021899416749202,0.3333333333333333,0.3333333333333333,0.21428571428571427,0.3333333333333333,0.0,0
0.8235294117647058,0.5566193463189172,0.3333333333333333,1.0,0.4107142857142857,0.0,0.0,0
0.029411764705882353,0.10069329811819082,0.0,0.3333333333333333,0.08928571428571429,0.0,0.0,0
0.25,0.1282051282051282,1.0,0.3333333333333333,0.39285714285714285,0.0,1.0,1
0.38235294117647056,0.235501265544184,1.0,1.0,0.125,0.0,0.0,0
0.29411764705882354,0.26961593485198637,1.0,1.0,0.25,0.0,0.0,0
1.0,0.2941014636293606,0.3333333333333333,0.3333333333333333,0.08928571428571429,0.0,0.0,1
0.29411764705882354,0.11742049081104874,1.0,1.0,0.8035714285714286,0.0,0.0,0
0.20588235294117646,0.06619346318917134,0.6666666666666666,0.0,0.125,0.0,0.0,0
0.029411764705882353,0.0708704743039507,0.0,0.3333333333333333,0.6607142857142857,0.0,0.0,0
0.11764705882352941,0.1116430064927919,1.0,1.0,0.32142857142857145,0.0,0.0,0
0.16176470588235295,0.06756905469351822,1.0,0.6666666666666666,0.25,0.3333333333333333,0.0,0
0.29411764705882354,0.26702982282381427,0.6666666666666666,0.6666666666666666,0.5,0.6666666666666666,0.0,0
0.47058823529411764,0.5286123032904149,0.0,0.6666666666666666,0.21428571428571427,0.3333333333333333,1.0,0
0.8235294117647058,0.3453835149114119,1.0,1.0,0.26785714285714285,0.0,1.0,0
0.08823529411764706,0.06036095521074062,1.0,0.3333333333333333,0.14285714285714285,0.3333333333333333,0.0,0
0.47058823529411764,0.14372180037416088,1.0,0.6666666666666666,0.19642857142857142,0.0,0.0,0
0.07352941176470588,0.13772422141520854,0.6666666666666666,1.0,0.2857142857142857,0.0,0.0,0
0.11764705882352941,0.18713546825134808,0.0,0.6666666666666666,0.21428571428571427,0.0,1.0,0
0.16176470588235295,0.039892153626059204,0.3333333333333333,0.6666666666666666,0.10714285714285714,0.3333333333333333,0.0,0
0.16176470588235295,0.13101133487399583,0.6666666666666666,0.3333333333333333,0.10714285714285714,0.0,0.0,0
0.29411764705882354,0.14559260482007264,0.3333333333333333,0.0,0.17857142857142858,0.0,0.0,0
0.029411764705882353,0.24573566633652472,0.0,0.6666666666666666,0.44642857142857145,0.3333333333333333,1.0,0
0.29411764705882354,0.11191812479366127,1.0,0.3333333333333333,0.16071428571428573,0.0,0.0,0
0.029411764705882353,0.05425332893144052,0.3333333333333333,1.0,0.5535714285714286,0.0,0.0,0
0.11764705882352941,0.04693518212831518,1.0,0.6666666666666666,0.17857142857142858,0.3333333333333333,0.0,0
0.11764705882352941,0.03719599427753934,0.0,0.3333333333333333,0.3392857142857143,0.0,0.0,0
0.20588235294117646,0.08528667326950588,1.0,0.3333333333333333,0.08928571428571429,0.3333333333333333,0.0,0
0.16176470588235295,0.09106415758776273,1.0,1.0,0.375,0.0,0.0,0
0.11764705882352941,0.04803565533179267,1.0,1.0,0.17857142857142858,0.0,0.0,1
0.6470588235294118,0.33459887751733247,1.0,1.0,0.48214285714285715,0.3333333333333333,0.0,1
0.29411764705882354,0.06201166501595686,1.0,0.3333333333333333,0.5,0.0,0.0,0
0.38235294117647056,0.12396830637173985,1.0,0.3333333333333333,0.39285714285714285,0.3333333333333333,0.0,0
0.3382352941176471,0.1253438978760867,1.0,0.0,0.23214285714285715,0.0,1.0,0
0.16176470588235295,0.27919005172224054,0.0,1.0,0.2857142857142857,0.0,0.0,0
0.6470588235294118,0.3471992956971498,0.6666666666666666,0.3333333333333333,0.08928571428571429,0.0,0.0,1
0.11764705882352941,0.1496093320127655,1.0,0.6666666666666666,0.10714285714285714,0.3333333333333333,0.0,1
0.07352941176470588,0.05260261912622428,1.0,1.0,0.10714285714285714,0.0,0.0,0
0.07352941176470588,0.10278419720479806,0.3333333333333333,0.3333333333333333,0.32142857142857145,0.0,1.0,0
0.20588235294117646,0.020853967205898535,1.0,0.6666666666666666,0.23214285714285715,0.3333333333333333,0.0,0
0.029411764705882353,0.052162429844833276,1.0,1.0,0.2857142857142857,0.0,0.0,1
0.25,0.12248266754704523,1.0,1.0,0.48214285714285715,0.0,0.0,0
0.07352941176470588,0.048861010234400794,1.0,1.0,0.10714285714285714,0.3333333333333333,0.0,0
0.8235294117647058,0.7580609662154727,1.0,0.3333333333333333,0.14285714285714285,0.0,0.0,1
0.38235294117647056,0.40420380763728403,0.0,1.0,0.7857142857142857,0.3333333333333333,0.0,0
0.38235294117647056,0.15555188731154396,0.6666666666666666,0.3333333333333333,0.375,0.3333333333333333,1.0,0
0.20588235294117646,0.06905469351821283,1.0,0.3333333333333333,0.23214285714285715,0.0,0.0,0
0.29411764705882354,0.15945856718388907,0.6666666666666666,0.3333333333333333,0.21428571428571427,0.3333333333333333,0.0,0
0.23529411764705882,0.32452954770551334,0.6666666666666666,1.0,0.21428571428571427,0.3333333333333333,0.0,0
0.07352941176470588,0.05981071860900187,1.0,0.3333333333333333,0.26785714285714285,0.3333333333333333,0.0,1
0.029411764705882353,0.010069329811819083,1.0,0.3333333333333333,0.08928571428571429,0.0,1.0,1
0.11764705882352941,0.053813139650049524,1.0,0.3333333333333333,0.08928571428571429,0.0,0.0,1
0.07352941176470588,0.029712776493892375,1.0,0.6666666666666666,0.8392857142857143,0.0,0.0,0
0.3382352941176471,0.12765489160338947,0.6666666666666666,0.6666666666666666,0.03571428571428571,0.0,0.0,1
0.029411764705882353,0.0,0.3333333333333333,0.3333333333333333,0.39285714285714285,0.3333333333333333,0.0,0
0.16176470588235295,0.058655221745350504,0.3333333333333333,0.3333333333333333,0.5,0.3333333333333333,0.0,0
0.20588235294117646,0.08979861340376362,1.0,1.0,0.10714285714285714,0.3333333333333333,0.0,1
0.6470588235294118,0.33927588863211183,1.0,0.6666666666666666,0.7142857142857143,0.0,0.0,1
0.29411764705882354,0.056399251678221636,0.3333333333333333,1.0,0.30357142857142855,0.3333333333333333,0.0,0
0.29411764705882354,0.33856058104985143,0.0,0.3333333333333333,0.25,0.0,0.0,0
0.29411764705882354,0.09557609772202047,0.3333333333333333,1.0,0.03571428571428571,0.0,1.0,1
0.058823529411764705,0.02806206668867613,1.0,0.3333333333333333,0.44642857142857145,0.0,0.0,0
0.29411764705882354,0.12947067238912732,0.3333333333333333,1.0,0.16071428571428573,0.0,0.0,0
0.0,0.17222405634422802,0.0,0.0,0.32142857142857145,0.0,1.0,0
0.47058823529411764,0.20578848905029162,0.6666666666666666,0.3333333333333333,0.17857142857142858,0.0,0.0,0
0.29411764705882354,0.6223175965665236,0.0,1.0,0.07142857142857142,0.3333333333333333,0.0,1
0.20588235294117646,0.22724771651810277,0.6666666666666666,1.0,0.2857142857142857,0.0,1.0,0
0.029411764705882353,0.3582590513920986,0.0,0.6666666666666666,0.4642857142857143,0.3333333333333333,1.0,0
0.38235294117647056,0.2217453505007153,1.0,1.0,0.125,0.3333333333333333,0.0,1
0.29411764705882354,0.11417409486079014,0.3333333333333333,0.6666666666666666,0.23214285714285715,0.0,0.0,0
0.08823529411764706,0.043908880818752064,1.0,1.0,0.07142857142857142,0.0,0.0,0
0.25,0.16011885110597557,1.0,0.6666666666666666,0.39285714285714285,0.0,0.0,0
0.29411764705882354,0.12286783316826236,1.0,1.0,0.05357142857142857,0.0,0.0,0
0.5147058823529411,0.7664245625619016,1.0,1.0,0.19642857142857142,0.3333333333333333,0.0,0
0.1323529411764706,0.08512160228898426,0.6666666666666666,0.0,0.16071428571428573,0.3333333333333333,0.0,0
0.16176470588235295,0.12440849565313085,0.0,1.0,0.07142857142857142,0.0,0.0,0
0.11764705882352941,0.05634422801804776,0.6666666666666666,0.0,0.32142857142857145,0.0,0.0,1
0.25,0.2750082535490261,0.0,0.6666666666666666,0.125,0.0,0.0,0
0.16176470588235295,0.15291075162319798,0.3333333333333333,0.3333333333333333,0.25,0.0,0.0,0
0.029411764705882353,0.009794211510949708,0.3333333333333333,0.0,0.5357142857142857,0.0,0.0,0
0.20588235294117646,0.03994717728623308,0.0,0.3333333333333333,0.07142857142857142,0.0,0.0,1
0.11764705882352941,0.03251898316275999,0.3333333333333333,1.0,0.07142857142857142,0.0,0.0,0
0.38235294117647056,0.3037856278199626,1.0,0.3333333333333333,0.10714285714285714,0.3333333333333333,0.0,0
0.11764705882352941,0.07180587652690656,1.0,1.0,0.6428571428571429,0.3333333333333333,1.0,1
0.29411764705882354,0.05694948827996038,1.0,1.0,0.23214285714285715,0.0,0.0,1
0.029411764705882353,0.05771981952239463,0.0,0.0,0.9821428571428571,0.6666666666666666,1.0,0
0.16176470588235295,0.056179157037526135,0.6666666666666666,1.0,0.35714285714285715,0.3333333333333333,0.0,1
0.29411764705882354,0.06289204357873886,0.3333333333333333,0.3333333333333333,0.21428571428571427,0.0,0.0,0
0.11764705882352941,0.02426543413667877,1.0,0.6666666666666666,0.2857142857142857,0.3333333333333333,0.0,1
0.16176470588235295,0.2638384505337295,0.0,1.0,0.7142857142857143,0.0,0.0,0
0.20588235294117646,0.10311433916584131,1.0,1.0,0.08928571428571429,0.3333333333333333,0.0,1
0.11764705882352941,0.10806646858149004,1.0,0.6666666666666666,0.08928571428571429,0.0,0.0,0
0.25,0.6839440959612634,1.0,1.0,0.19642857142857142,0.0,0.0,1
0.29411764705882354,0.12176735996478485,1.0,0.6666666666666666,0.14285714285714285,0.3333333333333333,0.0,0
0.11764705882352941,0.049796412457356665,0.6666666666666666,0.6666666666666666,0.375,0.3333333333333333,0.0,0
0.38235294117647056,0.1572576207769341,0.3333333333333333,1.0,0.21428571428571427,0.0,0.0,1
0.08823529411764706,0.145867723120942,0.0,1.0,0.21428571428571427,0.0,0.0,0
0.11764705882352941,0.18526466380543632,0.0,1.0,0.16071428571428573,0.6666666666666666,0.0,0
0.11764705882352941,0.07730824254429404,0.3333333333333333,1.0,0.7857142857142857,0.3333333333333333,0.0,0
0.29411764705882354,0.14097061736546715,0.3333333333333333,1.0,0.125,0.0,0.0,0
0.47058823529411764,0.4300099042588313,0.6666666666666666,0.3333333333333333,0.10714285714285714,0.3333333333333333,0.0,1
0.25,0.16644657202597116,0.0,1.0,0.30357142857142855,0.0,0.0,0
0.29411764705882354,0.10856168152305491,1.0,1.0,0.5892857142857143,0.3333333333333333,0.0,0
0.11764705882352941,0.06767910201386597,0.3333333333333333,1.0,0.8392857142857143,0.6666666666666666,0.0,0
0.29411764705882354,0.06168152305491361,1.0,1.0,0.10714285714285714,0.0,0.0,1
0.47058823529411764,0.18075272367117862,1.0,1.0,0.32142857142857145,0.3333333333333333,0.0,0
0.20588235294117646,0.17932210850665786,1.0,0.0,0.10714285714285714,0.0,0.0,0
0.47058823529411764,0.3004842082095301,1.0,0.3333333333333333,0.3392857142857143,0.3333333333333333,0.0,0
0.20588235294117646,0.1992956971497744,0.3333333333333333,1.0,0.8571428571428571,0.0,0.0,0
0.5147058823529411,0.25767580059425554,0.3333333333333333,0.3333333333333333,0.10714285714285714,0.3333333333333333,0.0,1
0.29411764705882354,0.09298998569384835,1.0,1.0,0.7321428571428571,0.0,0.0,0
0.11764705882352941,0.06382744580169473,0.3333333333333333,0.3333333333333333,0.21428571428571427,0.0,0.0,0
0.11764705882352941,0.03224386486189061,1.0,0.3333333333333333,0.07142857142857142,0.0,0.0,1
0.23529411764705882,0.3421371189611533,0.0,1.0,0.7321428571428571,0.0,0.0,0
0.20588235294117646,0.09304500935402223,1.0,0.3333333333333333,0.2857142857142857,0.0,0.0,0
0.2647058823529412,0.1334323759216463,0.6666666666666666,1.0,0.375,0.0,0.0,0
0.6470588235294118,0.1376141740948608,1.0,0.6666666666666666,0.3392857142857143,0.3333333333333333,1.0,0
0.6470588235294118,0.32871134587872786,1.0,1.0,0.5535714285714286,0.0,0.0,1
0.5294117647058824,0.3162759986794322,1.0,0.6666666666666666,0.14285714285714285,0.0,0.0,1
0.25,0.05161219324309453,0.3333333333333333,1.0,0.35714285714285715,0.0,1.0,1
0.29411764705882354,0.3336084516342027,0.6666666666666666,1.0,0.39285714285714285,0.0,1.0,0
0.029411764705882353,0.0534279740288324,0.0,0.3333333333333333,0.14285714285714285,0.3333333333333333,0.0,0
0.29411764705882354,0.14537251017937713,0.6666666666666666,1.0,0.5714285714285714,0.0,0.0,0
0.29411764705882354,0.15472653240893583,1.0,0.6666666666666666,0.23214285714285715,0.0,0.0,0
0.07352941176470588,0.11285352701661715,0.3333333333333333,1.0,0.05357142857142857,0.0,0.0,0
0.20588235294117646,0.39952679652250467,0.0,1.0,0.5714285714285714,0.0,1.0,1
0.11764705882352941,0.055463849455265765,0.3333333333333333,1.0,0.05357142857142857,0.3333333333333333,0.0,0
0.29411764705882354,0.025696049301199515,1.0,1.0,0.625,0.3333333333333333,0.0,0
0.07352941176470588,0.07147573456586333,1.0,0.3333333333333333,0.2857142857142857,0.0,0.0,0
0.29411764705882354,0.07411687025420931,1.0,1.0,0.625,0.3333333333333333,1.0,0
0.20588235294117646,0.08501155496863651,0.6666666666666666,1.0,0.5178571428571429,0.3333333333333333,0.0,0
0.23529411764705882,0.2213051612193243,0.0,1.0,0.08928571428571429,0.3333333333333333,0.0,0
0.11764705882352941,0.03994717728623308,1.0,1.0,0.2857142857142857,0.3333333333333333,0.0,0
0.11764705882352941,0.39738087377572356,0.0,0.3333333333333333,0.08928571428571429,0.0,0.0,0
0.47058823529411764,0.49636843842852424,0.3333333333333333,0.0,0.08928571428571429,0.0,0.0,1
0.029411764705882353,0.01870804445911742,0.6666666666666666,0.6666666666666666,0.125,0.0,0.0,0
0.11764705882352941,0.03741608891823484,1.0,1.0,0.8214285714285714,1.0,0.0,0
0.5588235294117647,0.49702872235061074,0.0,0.3333333333333333,0.6428571428571429,0.0,0.0,0
0.16176470588235295,0.08407615274568064,0.3333333333333333,0.0,0.125,0.3333333333333333,0.0,1
0.058823529411764705,0.03615054473423572,0.6666666666666666,0.3333333333333333,0.125,0.0,0.0,0
0.029411764705882353,0.012875536480686695,0.6666666666666666,0.6666666666666666,0.16071428571428573,0.0,0.0,0
0.47058823529411764,0.5160669087707714,1.0,1.0,0.08928571428571429,0.3333333333333333,0.0,1
0.6470588235294118,0.15412127214702323,0.6666666666666666,1.0,0.625,0.0,0.0,1
0.6470588235294118,0.20254209310003302,1.0,1.0,0.48214285714285715,0.0,1.0,1
0.47058823529411764,0.39517992736876856,0.3333333333333333,0.3333333333333333,0.625,0.0,0.0,0
0.029411764705882353,0.059865742269175744,0.0,1.0,0.7678571428571429,0.0,0.0,0
0.029411764705882353,0.07175085286673269,0.0,0.3333333333333333,0.08928571428571429,0.3333333333333333,0.0,0
0.47058823529411764,0.8587542643336635,0.3333333333333333,0.6666666666666666,0.42857142857142855,0.0,0.0,0
0.20588235294117646,0.06025090789039287,1.0,0.6666666666666666,0.125,0.0,0.0,1
0.11764705882352941,0.046825134807967426,0.6666666666666666,0.3333333333333333,0.14285714285714285,0.3333333333333333,0.0,0
0.11764705882352941,0.1521954440409376,0.6666666666666666,0.0,0.08928571428571429,0.0,0.0,0
0.47058823529411764,0.1354682513480797,0.3333333333333333,0.3333333333333333,0.39285714285714285,0.0,1.0,1
0.058823529411764705,0.026466380543633764,1.0,1.0,0.5,0.3333333333333333,0.0,0
0.20588235294117646,0.19423352041377792,0.6666666666666666,0.3333333333333333,0.2857142857142857,0.3333333333333333,0.0,0
0.25,0.07439198855507868,1.0,0.6666666666666666,0.19642857142857142,0.3333333333333333,0.0,0
0.20588235294117646,0.20446792120611862,0.0,1.0,0.25,0.6666666666666666,0.0,1
0.20588235294117646,0.21541762958071972,0.3333333333333333,0.3333333333333333,0.30357142857142855,0.3333333333333333,1.0,1
0.47058823529411764,0.44486629250577747,0.6666666666666666,1.0,0.5,0.0,0.0,1
0.6470588235294118,0.3538571585781886,1.0,1.0,0.3392857142857143,0.0,1.0,0
0.29411764705882354,0.11692527786948388,1.0,0.3333333333333333,0.44642857142857145,0.3333333333333333,1.0,0
0.20588235294117646,0.05315285572796302,1.0,0.6666666666666666,0.07142857142857142,0.0,0.0,1
0.6029411764705882,0.6364036535710356,0.3333333333333333,1.0,0.17857142857142858,0.3333333333333333,0.0,1
0.29411764705882354,0.2659843732805106,0.3333333333333333,1.0,0.4107142857142857,0.0,0.0,0
0.16176470588235295,0.11428414218113789,0.3333333333333333,0.6666666666666666,0.10714285714285714,0.0,0.0,1
0.11764705882352941,0.045779685264663805,1.0,1.0,0.5178571428571429,0.3333333333333333,0.0,1
0.11764705882352941,0.03499504787058435,1.0,0.3333333333333333,0.03571428571428571,0.0,0.0,0
0.0,0.019313304721030045,0.0,0.6666666666666666,0.07142857142857142,0.0,1.0,0
0.29411764705882354,0.148949048090679,1.0,1.0,0.7857142857142857,0.3333333333333333,0.0,0
0.29411764705882354,0.12991086167051832,1.0,0.6666666666666666,0.48214285714285715,0.3333333333333333,0.0,0
0.47058823529411764,0.2712116209970287,1.0,0.3333333333333333,0.17857142857142858,0.0,0.0,1
0.25,0.15092989985693847,0.6666666666666666,0.3333333333333333,0.16071428571428573,0.3333333333333333,0.0,0
0.20588235294117646,0.09315505667436998,1.0,1.0,0.07142857142857142,0.0,0.0,1
0.29411764705882354,0.07202597116760207,1.0,1.0,0.5535714285714286,0.0,0.0,0
0.20588235294117646,0.17453505007153075,1.0,1.0,0.5,0.6666666666666666,1.0,0
0.25,0.20501815780785737,0.3333333333333333,0.6666666666666666,0.2857142857142857,0.0,0.0,0
0.20588235294117646,0.3582590513920986,0.3333333333333333,1.0,0.875,0.3333333333333333,0.0,1
0.29411764705882354,0.05496863651370089,1.0,0.3333333333333333,0.16071428571428573,0.0,0.0,0
0.07352941176470588,0.06129635743369649,0.6666666666666666,1.0,0.7142857142857143,0.0,0.0,0
0.11764705882352941,0.025255860019808517,1.0,1.0,0.6785714285714286,0.0,0.0,1
0.23529411764705882,0.10922196544514141,1.0,0.3333333333333333,0.25,0.3333333333333333,0.0,1
0.29411764705882354,0.2086497193793331,0.6666666666666666,1.0,0.42857142857142855,0.3333333333333333,0.0,0
0.16176470588235295,0.06718388907230109,1.0,1.0,0.2857142857142857,0.3333333333333333,0.0,0
0.20588235294117646,0.06558820292725873,1.0,1.0,0.23214285714285715,0.3333333333333333,1.0,1
0.47058823529411764,0.5846263893474194,0.3333333333333333,0.3333333333333333,0.4642857142857143,0.3333333333333333,1.0,0
0.29411764705882354,0.06734896005282272,1.0,0.6666666666666666,0.25,0.0,0.0,0
0.08823529411764706,0.03543523715197535,1.0,0.6666666666666666,0.375,0.0,0.0,0
0.16176470588235295,0.17018818091779464,1.0,0.3333333333333333,0.16071428571428573,0.0,0.0,0
0.16176470588235295,0.20408275558490152,0.6666666666666666,0.3333333333333333,0.17857142857142858,0.0,0.0,1
0.07352941176470588,0.18306371739848135,0.0,0.3333333333333333,0.125,0.0,1.0,0
0.29411764705882354,0.30560140860570045,1.0,0.3333333333333333,0.14285714285714285,0.3333333333333333,0.0,0
0.20588235294117646,0.10559040387366568,1.0,0.3333333333333333,0.16071428571428573,0.0,0.0,1
0.29411764705882354,0.12044679212061186,1.0,1.0,0.2857142857142857,0.0,0.0,1
0.3382352941176471,0.2352811709034885,1.0,0.3333333333333333,0.23214285714285715,0.3333333333333333,1.0,0
0.08823529411764706,0.10784637394079453,0.3333333333333333,0.3333333333333333,0.10714285714285714,0.0,0.0,1
0.16176470588235295,0.10845163420270716,0.3333333333333333,1.0,0.017857142857142856,0.0,0.0,0
0.20588235294117646,0.11769560911191812,1.0,0.0,0.14285714285714285,0.0,0.0,0
0.11764705882352941,0.16952789699570817,0.3333333333333333,1.0,0.4107142857142857,0.0,0.0,0
0.47058823529411764,0.39391438318476946,0.6666666666666666,0.3333333333333333,0.32142857142857145,0.3333333333333333,0.0,0
0.11764705882352941,0.022119511389897657,1.0,1.0,0.08928571428571429,0.0,0.0,0
0.47058823529411764,0.40871574777154174,0.3333333333333333,1.0,0.375,0.3333333333333333,0.0,0
0.029411764705882353,0.06014086057004512,0.0,1.0,0.48214285714285715,0.3333333333333333,1.0,0
0.29411764705882354,0.06228678331682624,1.0,0.0,0.125,0.3333333333333333,0.0,0
0.16176470588235295,0.034334763948497854,1.0,0.0,0.08928571428571429,0.0,0.0,0
0.11764705882352941,0.18377902498074172,0.3333333333333333,0.3333333333333333,0.17857142857142858,0.0,1.0,0
0.10294117647058823,0.05898536370639375,1.0,1.0,0.375,0.3333333333333333,0.0,0
0.20588235294117646,0.09298998569384835,0.6666666666666666,1.0,0.30357142857142855,0.0,0.0,0
0.47058823529411764,0.1840541432816111,1.0,0.3333333333333333,0.16071428571428573,0.0,0.0,0
0.07352941176470588,0.06448772972378122,0.6666666666666666,0.3333333333333333,0.14285714285714285,0.0,0.0,1
0.38235294117647056,0.35721360184879497,0.3333333333333333,0.6666666666666666,0.30357142857142855,0.3333333333333333,0.0,0
0.29411764705882354,0.4161989655551887,0.6666666666666666,0.6666666666666666,0.3392857142857143,0.0,0.0,0
0.29411764705882354,0.4966985803895675,0.3333333333333333,1.0,0.5178571428571429,0.0,0.0,0
0.38235294117647056,0.10625068779575217,1.0,1.0,0.30357142857142855,0.3333333333333333,0.0,0
0.20588235294117646,0.0466600638274458,1.0,1.0,0.8214285714285714,0.3333333333333333,0.0,0
0.29411764705882354,0.20947507428194123,0.6666666666666666,0.6666666666666666,0.42857142857142855,0.0,0.0,1
0.11764705882352941,0.029987894794761747,1.0,1.0,0.6071428571428571,0.0,0.0,1
0.29411764705882354,0.14168592494772753,1.0,0.6666666666666666,0.26785714285714285,0.3333333333333333,1.0,0
0.6470588235294118,0.8485748872014967,0.3333333333333333,0.3333333333333333,0.07142857142857142,0.0,0.0,1
0.47058823529411764,0.350170573346539,1.0,1.0,0.26785714285714285,0.3333333333333333,0.0,0
0.35294117647058826,0.41674920215692746,0.6666666666666666,1.0,0.375,0.3333333333333333,1.0,0
0.3382352941176471,0.12061186310113349,1.0,1.0,0.42857142857142855,1.0,1.0,0
0.16176470588235295,0.08688235941454825,1.0,1.0,0.48214285714285715,0.3333333333333333,0.0,0
0.11764705882352941,0.10570045119401343,1.0,1.0,0.3392857142857143,0.3333333333333333,0.0,0
0.47058823529411764,0.30538131396500495,0.6666666666666666,1.0,0.26785714285714285,0.3333333333333333,0.0,0
0.20588235294117646,0.05056674369979091,1.0,0.6666666666666666,0.17857142857142858,0.3333333333333333,0.0,0
0.47058823529411764,0.47854077253218885,0.6666666666666666,0.3333333333333333,0.21428571428571427,0.0,1.0,0
0.25,0.12963574336964895,1.0,1.0,0.16071428571428573,0.0,0.0,0
0.11764705882352941,0.07384175195333993,0.6666666666666666,0.3333333333333333,0.2857142857142857,0.0,0.0,0
0.16176470588235295,0.10652580609662154,0.0,1.0,0.25,0.0,0.0,0
0.20588235294117646,0.21475734565863322,0.3333333333333333,0.6666666666666666,0.4107142857142857,0.0,0.0,1
0.17647058823529413,0.13068119291295258,0.3333333333333333,1.0,0.42857142857142855,0.0,0.0,1
0.23529411764705882,0.17800154066248486,0.3333333333333333,1.0,0.44642857142857145,0.3333333333333333,0.0,0
0.47058823529411764,0.5627269725982172,0.3333333333333333,1.0,0.4107142857142857,0.3333333333333333,0.0,0
0.16176470588235295,0.06250687795752173,1.0,0.3333333333333333,0.375,0.0,0.0,0
0.29411764705882354,0.05656432265874326,1.0,0.0,0.30357142857142855,0.0,0.0,0
0.11764705882352941,0.04715527676901068,0.3333333333333333,0.3333333333333333,0.017857142857142856,0.0,1.0,0
0.25,0.19329811819082204,0.3333333333333333,0.3333333333333333,0.08928571428571429,0.0,0.0,0
0.47058823529411764,0.19043688786178056,0.3333333333333333,0.3333333333333333,0.14285714285714285,0.0,0.0,0
0.16176470588235295,0.18399911962143722,0.0,0.3333333333333333,0.48214285714285715,0.3333333333333333,0.0,0
0.07352941176470588,0.1620446792120612,0.0,0.3333333333333333,0.25,0.0,0.0,0
0.47058823529411764,0.2313194673709695,1.0,1.0,0.26785714285714285,0.3333333333333333,0.0,0
0.29411764705882354,0.2468361395400022,0.3333333333333333,1.0,0.10714285714285714,0.0,0.0,1
0.38235294117647056,0.15081985253659072,0.3333333333333333,1.0,0.10714285714285714,0.0,0.0,0
0.10294117647058823,0.10410476504897105,0.0,0.3333333333333333,0.16071428571428573,0.0,0.0,0
0.29411764705882354,0.16017387476614944,1.0,0.3333333333333333,0.21428571428571427,0.0,0.0,1
0.6470588235294118,1.0,0.0,0.3333333333333333,0.23214285714285715,0.0,0.0,1
0.08823529411764706,0.14295146913172666,0.0,0.3333333333333333,0.23214285714285715,0.0,1.0,0
0.029411764705882353,0.8058765269065699,0.0,1.0,0.875,0.0,0.0,1
0.29411764705882354,0.11604489930670188,0.0,0.0,0.25,0.0,0.0,1
0.29411764705882354,0.1702982282381424,1.0,0.3333333333333333,0.35714285714285715,0.0,0.0,1
0.20588235294117646,0.08622207549246176,1.0,0.3333333333333333,0.16071428571428573,0.3333333333333333,0.0,0
0.6470588235294118,0.6877407285132607,1.0,0.0,0.32142857142857145,0.0,0.0,0
0.07352941176470588,0.06140640475404424,0.6666666666666666,1.0,0.05357142857142857,0.0,0.0,1
0.11764705882352941,0.09640145262462858,0.6666666666666666,1.0,0.19642857142857142,0.0,1.0,0
0.29411764705882354,0.3643666776713987,0.3333333333333333,0.0,0.6428571428571429,0.0,0.0,1
0.11764705882352941,0.02459557609772202,1.0,0.3333333333333333,0.48214285714285715,0.3333333333333333,0.0,1
0.20588235294117646,0.04396390447892594,1.0,1.0,0.03571428571428571,0.0,0.0,0
0.6470588235294118,0.5528227137669198,1.0,1.0,0.35714285714285715,0.6666666666666666,1.0,1
0.38235294117647056,0.08897325850115549,1.0,1.0,0.6964285714285714,0.0,0.0,0
0.11764705882352941,0.060195884230218995,1.0,0.3333333333333333,0.42857142857142855,0.3333333333333333,1.0,0
0.29411764705882354,0.08237041928029053,1.0,0.0,0.08928571428571429,0.0,0.0,0
0.07352941176470588,0.07813359744690217,1.0,0.3333333333333333,0.05357142857142857,0.0,0.0,1
0.07352941176470588,0.05359304500935402,0.6666666666666666,0.0,0.19642857142857142,0.3333333333333333,0.0,0
0.11764705882352941,0.014966435567293936,1.0,1.0,0.4107142857142857,0.3333333333333333,1.0,0
0.11764705882352941,0.06866952789699571,1.0,0.0,0.07142857142857142,0.0,0.0,0
0.38235294117647056,0.09183448883019699,1.0,0.6666666666666666,0.19642857142857142,0.3333333333333333,0.0,1
0.07352941176470588,0.02723671178606801,0.6666666666666666,0.3333333333333333,0.16071428571428573,0.0,0.0,1
0.029411764705882353,0.09975789589523495,1.0,0.6666666666666666,0.19642857142857142,0.0,0.0,0
0.8235294117647058,0.3322328601298558,1.0,1.0,0.4107142857142857,0.0,0.0,1
0.29411764705882354,0.36271596786618243,0.3333333333333333,1.0,0.48214285714285715,0.3333333333333333,1.0,0
0.11764705882352941,0.18031253438978762,0.3333333333333333,0.6666666666666666,0.4642857142857143,0.0,1.0,0
0.08823529411764706,0.0713106635853417,0.6666666666666666,0.3333333333333333,0.21428571428571427,0.0,1.0,0
0.29411764705882354,0.03736106525806097,1.0,0.3333333333333333,0.21428571428571427,0.0,0.0,0
0.0,0.06630351050951909,0.3333333333333333,0.0,0.4107142857142857,0.6666666666666666,1.0,0
0.16176470588235295,0.08776273797733025,1.0,0.0,0.48214285714285715,0.0,0.0,0
0.6470588235294118,0.44613183668977663,0.0,0.0,0.19642857142857142,0.3333333333333333,0.0,0
0.29411764705882354,0.1705183228788379,1.0,1.0,0.19642857142857142,0.0,1.0,1
0.11764705882352941,0.14355672939363925,1.0,1.0,0.3392857142857143,0.0,0.0,0
0.20588235294117646,0.07059535600308132,1.0,0.0,0.42857142857142855,0.0,1.0,1
0.29411764705882354,0.18548475844613183,0.3333333333333333,1.0,0.21428571428571427,0.3333333333333333,0.0,1
0.20588235294117646,0.18377902498074172,0.6666666666666666,0.6666666666666666,0.375,0.6666666666666666,1.0,0
0.47058823529411764,0.10426983602949268,0.3333333333333333,0.0,0.08928571428571429,0.3333333333333333,0.0,1
0.29411764705882354,0.2125563992516782,0.6666666666666666,1.0,0.16071428571428573,0.0,0.0,1
0.47058823529411764,0.590073731704633,1.0,0.3333333333333333,0.125,0.3333333333333333,0.0,1
0.11764705882352941,0.09040387366567625,1.0,1.0,0.17857142857142858,0.0,0.0,0
0.29411764705882354,0.05397821063057114,1.0,1.0,0.6785714285714286,0.3333333333333333,0.0,0
0.38235294117647056,0.18741058655221746,1.0,1.0,0.5357142857142857,0.3333333333333333,0.0,0
0.07352941176470588,0.04974138879718279,0.3333333333333333,1.0,0.32142857142857145,0.6666666666666666,0.0,0
0.35294117647058826,0.20666886761307363,0.6666666666666666,0.3333333333333333,0.4642857142857143,0.0,0.0,1
0.29411764705882354,0.15511169803015296,1.0,1.0,0.19642857142857142,0.0,0.0,0
0.029411764705882353,0.0819852536590734,0.3333333333333333,0.3333333333333333,0.19642857142857142,0.3333333333333333,0.0,0
0.25,0.11571475734565863,0.0,1.0,0.5,0.3333333333333333,0.0,0
0.16176470588235295,0.18190822053482997,0.6666666666666666,0.3333333333333333,0.17857142857142858,0.0,0.0,0
0.29411764705882354,0.11813579839330912,0.6666666666666666,0.3333333333333333,0.2857142857142857,0.3333333333333333,0.0,1
0.029411764705882353,0.011224826675470452,0.6666666666666666,0.0,0.05357142857142857,0.0,0.0,0
0.38235294117647056,0.08060966215472654,1.0,0.0,0.125,0.0,0.0,0
0.3382352941176471,0.12490370859469573,1.0,0.3333333333333333,0.07142857142857142,0.3333333333333333,0.0,1
0.16176470588235295,0.18256850445691647,1.0,0.3333333333333333,0.625,0.0,0.0,0
0.5588235294117647,0.3805436337625179,0.3333333333333333,1.0,0.17857142857142858,0.0,0.0,0
0.10294117647058823,0.20298228238142402,0.0,0.3333333333333333,0.375,0.3333333333333333,1.0,0
0.16176470588235295,0.06954990645977771,1.0,0.3333333333333333,0.05357142857142857,0.0,0.0,0
0.29411764705882354,0.39303400462198745,0.0,1.0,0.42857142857142855,0.0,1.0,0
0.29411764705882354,0.05188731154396391,0.0,1.0,0.17857142857142858,0.3333333333333333,0.0,1
0.8235294117647058,0.3877517332452955,1.0,1.0,0.30357142857142855,0.0,0.0,1
0.38235294117647056,0.14201606690877078,1.0,0.3333333333333333,0.25,0.0,0.0,0
0.29411764705882354,0.055463849455265765,0.6666666666666666,0.6666666666666666,0.6785714285714286,0.0,0.0,0
0.029411764705882353,0.027676901067459007,0.3333333333333333,0.6666666666666666,0.8035714285714286,0.0,0.0,0
0.20588235294117646,0.11978650819852536,1.0,0.3333333333333333,0.4107142857142857,0.3333333333333333,0.0,0
0.29411764705882354,0.12589413447782546,1.0,1.0,0.5,0.3333333333333333,1.0,1
0.16176470588235295,0.055793991416309016,0.3333333333333333,0.3333333333333333,0.10714285714285714,0.0,0.0,1
0.38235294117647056,0.4476724991746451,0.3333333333333333,0.3333333333333333,0.5357142857142857,0.0,0.0,1
0.6470588235294118,0.2527786948387807,0.6666666666666666,0.3333333333333333,0.25,0.0,0.0,1
0.25,0.14707824364476724,0.0,0.0,0.16071428571428573,0.0,0.0,0
0.47058823529411764,0.43903378452734676,0.3333333333333333,0.3333333333333333,0.125,0.0,1.0,1
0.29411764705882354,0.09783206778914934,0.3333333333333333,0.3333333333333333,0.19642857142857142,0.3333333333333333,0.0,0
0.16176470588235295,0.06509298998569385,1.0,0.6666666666666666,0.10714285714285714,0.3333333333333333,0.0,0
0.5588235294117647,0.3322878837900297,0.3333333333333333,0.0,0.25,0.3333333333333333,0.0,0
0.1323529411764706,0.06377242214152086,0.3333333333333333,1.0,0.8035714285714286,0.0,0.0,0
0.29411764705882354,0.3482447452404534,1.0,0.3333333333333333,0.17857142857142858,0.0,0.0,0
0.29411764705882354,0.08215032463959503,1.0,0.3333333333333333,0.5178571428571429,0.3333333333333333,0.0,0
0.11764705882352941,0.18240343347639484,0.3333333333333333,0.0,0.32142857142857145,0.3333333333333333,1.0,0
0.16176470588235295,0.07257620776934082,1.0,1.0,0.26785714285714285,0.0,1.0,0
0.20588235294117646,0.09276989105315285,0.3333333333333333,1.0,0.07142857142857142,0.3333333333333333,0.0,0
0.47058823529411764,0.20408275558490152,1.0,0.6666666666666666,0.19642857142857142,0.0,0.0,0
0.11764705882352941,0.117750632772092,1.0,0.6666666666666666,0.5535714285714286,0.0,0.0,0
0.11764705882352941,0.0817651590183779,0.6666666666666666,1.0,0.21428571428571427,0.0,0.0,0
0.38235294117647056,0.19847034224716628,1.0,1.0,0.375,0.0,0.0,0
0.11764705882352941,0.03048310773632662,1.0,1.0,0.3392857142857143,0.0,0.0,0
0.6029411764705882,0.08776273797733025,1.0,1.0,0.07142857142857142,0.0,0.0,1
0.6029411764705882,0.23803235391218225,0.6666666666666666,1.0,0.14285714285714285,0.0,0.0,0
