dataset_id,name,MF1_mean,MF2_var,MF3_std,MF4_skew,MF5_kurt,MF6_h0,MF7_h1,MF8_h2,MF9_h3,MF10_h4,MF11_h5,MF12_h6,MF13_h7,MF14_h8,MF15_h9,MF16_z0,MF17_z1,MF18_z2,MF19_z3
6,letter,0.5083795077525882,0.014916287698003006,0.12213225494521505,-0.21527744255478556,0.19530802577489048,0.00097,0.00889,0.04263,0.13067,0.26401,0.33679,0.16371,0.04592,0.00601,0.0004,0.69312,0.25731,0.0459,0.00367
11,balance-scale,0.49185734973599116,0.048660840235915555,0.22059202214929613,-0.5885354422754566,-0.6630801646952866,0.08072,0.05919,0.07272,0.08345,0.09907,0.21341,0.22837,0.13141,0.03028,0.00138,0.64319,0.32446,0.03235,0.0
12,mfeat-factors,0.3684382292986459,0.07231026314293483,0.26890567703738577,0.21158104244208692,-1.6513959427689162,0.18836,0.30271,0.01264,0.01689,0.04681,0.12751,0.17911,0.10181,0.02272,0.00144,0.57714,0.42167,0.00119,0.0
14,mfeat-fourier,0.3447147329508131,0.05048442760248259,0.22468739974124627,0.127489961108845,-1.7400830546364086,0.10208,0.38171,0.01691,0.01005,0.08473,0.25609,0.1327,0.01497,0.00067,9e-05,0.54851,0.45066,0.00083,0.0
15,breast-w,0.4346725734496885,0.03540368146467055,0.18815866034990406,0.7368950123034302,-0.2402104627867665,0.00506,0.05742,0.16198,0.32874,0.1506,0.07793,0.08958,0.08126,0.03606,0.01137,0.68288,0.27538,0.04172,2e-05
16,mfeat-karhunen,0.47158502405987535,0.07825598414466126,0.27974271061934974,0.023742972963564347,-1.8167480083284948,0.01492,0.25334,0.20524,0.02494,0.00328,0.01345,0.10238,0.2829,0.09645,0.0031,0.52279,0.47721,0.0,0.0
18,mfeat-morphological,0.5220641759418394,0.03345879340365432,0.18291744969699944,-0.49408331614123857,-0.38307693625745376,0.01523,0.05284,0.08491,0.09439,0.14044,0.23058,0.23878,0.10328,0.03527,0.00428,0.69632,0.26849,0.03519,0.0
22,mfeat-zernike,0.4068658442976467,0.034124124199854756,0.18472716151084756,0.29973562900062767,-1.085206573653067,0.00654,0.11344,0.29218,0.10534,0.10827,0.19396,0.12281,0.04661,0.01001,0.00084,0.62763,0.3551,0.01716,0.00011
23,cmc,0.6744185662965905,0.04399557428288659,0.20975121997949522,-1.406686363300165,2.278648673528509,0.04587,0.0,0.0,0.0,0.11614,0.20815,0.12218,0.04763,0.45969,0.00034,0.90657,0.04756,0.0,0.04587
28,optdigits,0.39959880318468294,0.07462461556181418,0.27317506394584073,0.18500590768473132,-1.7196358767626418,0.06137,0.4216,0.01919,0.00967,0.02565,0.08745,0.18639,0.14914,0.03726,0.00228,0.57926,0.42035,0.00039,0.0
29,credit-approval,0.5290421593990603,0.011877403096702257,0.10898349919461321,0.11617759206054412,-0.22552697061571614,0.00023,0.00183,0.01083,0.08414,0.34348,0.28287,0.2059,0.0676,0.00212,0.001,0.63827,0.33996,0.01765,0.00412
31,credit-g,0.5390683443365583,0.025249419161670922,0.1589006581536745,-0.4071232013920751,-0.02533894805461312,0.0064,0.02307,0.05259,0.10271,0.19558,0.25062,0.21256,0.12144,0.03328,0.00175,0.67814,0.27768,0.04098,0.0032
32,pendigits,0.4966685952840726,0.04823648093940759,0.21962805134911068,0.09350720584238964,-1.265478448011296,0.00748,0.06555,0.16021,0.18876,0.11777,0.06642,0.14404,0.16391,0.0764,0.00946,0.59027,0.40695,0.00278,0.0
37,diabetes,0.5429380054121568,0.010383550105770318,0.1018997061122863,-0.4225235394418526,0.5684986499724443,0.00048,0.00305,0.0122,0.06659,0.24129,0.36694,0.27349,0.03205,0.00358,0.00033,0.68226,0.27753,0.03272,0.00749
44,spambase,0.32472013607027367,0.007571493221609775,0.0870143276800423,1.5155760561529383,6.0154681572799475,0.00133,0.03433,0.38291,0.44119,0.09524,0.03678,0.00404,0.00122,0.0016,0.00136,0.7708,0.17723,0.0421,0.00987
54,vehicle,0.4233387075417483,0.019954422363252223,0.1412601230469952,0.5079620456550441,0.1873067759199798,0.0026,0.03661,0.14384,0.28914,0.2732,0.13054,0.08084,0.03465,0.00755,0.00103,0.68993,0.2611,0.04566,0.00331
151,electricity,0.5853376176540804,0.015515353381240276,0.12456064138097667,-0.15695774075122015,-0.3347587857259362,0.00014,0.00194,0.0087,0.07536,0.17024,0.28584,0.24746,0.18291,0.02547,0.00194,0.66402,0.30322,0.03061,0.00215
182,satimage,0.3819515641200811,0.03426911792514475,0.18511919923429,0.45176371936558823,-0.05480279879589611,0.0592,0.09389,0.18341,0.28302,0.14321,0.09985,0.07033,0.04389,0.0201,0.0031,0.68718,0.27147,0.04043,0.00092
188,eucalyptus,0.4389760126103113,0.029127354455393897,0.1706673795878811,0.15118708286173063,-0.8980266458898996,0.00617,0.06657,0.16585,0.21849,0.17596,0.14627,0.15003,0.06421,0.00635,0.0001,0.62208,0.36016,0.01774,2e-05
300,isolet,0.3467112117212375,0.09189943125943226,0.3031491897720201,0.180961420822495,-1.74304331418935,0.5,0.0,8e-05,0.00632,0.04518,0.12724,0.17296,0.11304,0.03242,0.00276,0.64895,0.35072,0.00033,0.0
307,vowel,0.4945389251251353,0.032238851202440355,0.17955180645830426,-0.3902412896956923,-0.8290724155983078,0.00983,0.05614,0.11846,0.13662,0.12099,0.20622,0.247,0.09268,0.01149,0.00057,0.63524,0.33972,0.02504,0.0
458,analcatdata_authorship,0.41551422855902326,0.06155740530558383,0.24810764862370493,0.12658044817624006,-1.6710242736240963,0.02662,0.30738,0.16344,0.00279,0.02116,0.12025,0.20704,0.12703,0.02293,0.00136,0.55213,0.44694,0.00093,0.0
554,mnist_784,0.35917093046173815,0.11201424319462995,0.33468528977926404,0.11308672573233298,-1.8501931759134536,0.5,0.0001,0.00083,0.00215,0.01183,0.06814,0.18893,0.17156,0.05303,0.00343,0.63563,0.36437,0.0,0.0
1049,pc4,0.304927936793396,0.010278679240081499,0.10138382139218022,0.959240287076699,2.2170589369533804,0.00337,0.11996,0.42519,0.27717,0.13519,0.0315,0.00479,0.00082,0.00136,0.00065,0.70176,0.26034,0.03093,0.00697
1050,pc3,0.2900666124180194,0.0053611970720427995,0.07322019579352954,0.9652414279548195,4.072827528522042,0.00052,0.07926,0.52339,0.31558,0.07627,0.00366,0.0005,0.00026,0.0,0.00056,0.67727,0.29239,0.02597,0.00437
1053,jm1,0.3442547846499906,0.013764560720509593,0.1173224646881815,0.14663306153648495,-0.375714213439446,0.02265,0.04004,0.39945,0.20093,0.20651,0.12919,0.00058,0.0003,0.0,0.00035,0.70137,0.27042,0.02754,0.00067
1063,kc2,0.23356045932018135,0.004839304777317852,0.06956511178254407,2.9820347796166544,25.915999183614257,0.00214,0.34526,0.51562,0.12629,0.00363,0.00464,0.00048,1e-05,6e-05,0.00187,0.75629,0.2296,0.00538,0.00873
1067,kc1,0.22616055066082721,0.006155889720652484,0.078459478207878,1.214761445219851,5.411466037155254,0.00682,0.41411,0.40665,0.15095,0.01357,0.00574,0.00143,0.0001,0.00029,0.00034,0.69947,0.27044,0.01819,0.0119
1068,pc1,0.24340564195974676,0.004371274491555957,0.06611561458200292,2.2161458394210976,16.402325676581043,0.00089,0.32566,0.47021,0.19481,0.00511,0.00066,0.00066,0.00099,0.00027,0.00074,0.72459,0.26358,0.00606,0.00577
1461,bank-marketing,0.6494355298308031,0.0217440206410455,0.14745853871867,-0.14789904875062704,-1.1978459448880745,5e-05,0.00036,0.00125,0.03122,0.1624,0.22006,0.16628,0.1646,0.2534,0.00038,0.53919,0.45577,0.00457,0.00047
1462,banknote-authentication,0.5747280400378425,0.028319266527934588,0.16828329248007537,-1.0610071216318813,1.5037950139632006,0.03302,0.00783,0.03892,0.02132,0.14563,0.31983,0.16684,0.18294,0.08138,0.00229,0.76157,0.19589,0.03501,0.00753
1464,blood-transfusion-service-center,0.5147519157547239,0.025536736117924397,0.15980217807628405,-0.5022080236644296,0.3276465435206637,0.02413,0.0,0.09726,0.03153,0.392,0.13863,0.14536,0.16438,0.00473,0.00198,0.70018,0.27084,0.02453,0.00445
1468,cnae-9,0.21848071537277333,0.046879219171915135,0.21651609448702683,0.38525366050103643,-1.2968141743048018,0.49672,0.00834,0.05932,0.16487,0.16287,0.07782,0.02178,0.00686,0.00131,0.00011,0.78775,0.19684,0.0152,0.00021
1475,first-order-theorem-proving,0.30771165716357496,0.027361988400141868,0.1654145954870424,1.3587358095737758,0.9773482658202988,0.01885,0.19706,0.47498,0.09172,0.06332,0.05577,0.05487,0.03831,0.00476,0.00036,0.77463,0.14715,0.07365,0.00457
1478,har,0.22751841176698281,0.03811795208613713,0.19523819320547178,0.8126714762503751,-0.6153297545853009,0.50001,0.03574,0.15477,0.0691,0.10421,0.09223,0.03498,0.00752,0.00112,0.00032,0.77338,0.19302,0.0324,0.0012
1480,ilpd,0.5934446522142216,0.01318104390077243,0.11480872745907617,-0.37856106804731177,-0.4984355849864137,0.00013,0.00095,0.00462,0.04052,0.20285,0.22891,0.30566,0.20699,0.00799,0.00138,0.62292,0.35353,0.0204,0.00315
1485,madelon,0.43128393523959035,0.1548642008608424,0.39352789082966205,0.006874148110608766,-1.988804378850537,0.5,0.0,0.0,0.0,0.0,0.0,0.0,0.09694,0.40071,0.00235,0.52031,0.47969,0.0,0.0
1486,nomao,0.26029725324237574,0.025546367887186196,0.15983231177451634,0.9360543632722692,0.3799568996387608,0.08673,0.43003,0.10154,0.16779,0.13386,0.05119,0.01558,0.00752,0.00524,0.00052,0.73158,0.23339,0.02467,0.01036
1487,ozone-level-8hr,0.33256918306027905,0.023856190938201256,0.15445449471673284,0.7374389896566329,0.18612139222025448,0.03305,0.13622,0.3649,0.16127,0.15019,0.08753,0.04535,0.01707,0.00392,0.0005,0.70629,0.24889,0.04012,0.0047
1489,phoneme,0.6194801024234249,0.04023524107202272,0.2005872405513938,-0.9141468520161791,0.320106374843935,0.01973,0.04128,0.03246,0.05948,0.0775,0.11781,0.23098,0.26225,0.10988,0.04863,0.74377,0.19522,0.05871,0.0023
1494,qsar-biodeg,0.3012901001347796,0.010375596698556337,0.10186067297321541,1.5046250376730652,2.878599679588998,0.0016,0.08292,0.58429,0.17945,0.09209,0.04207,0.01265,0.00427,0.0006,6e-05,0.76976,0.17232,0.04194,0.01598
1497,wall-robot-navigation,0.45044850779601364,0.04613432248314179,0.21478901853479798,0.05275029137164492,-1.397982195107889,0.02174,0.09997,0.21652,0.16403,0.029,0.11381,0.20925,0.12398,0.02092,0.00078,0.598,0.40027,0.00173,0.0
1501,semeion,0.4112762316133164,0.14572903308401247,0.38174472240492396,0.04261171492294825,-1.9444081775887805,0.5,0.0,0.0,0.0001,0.00081,0.00528,0.03912,0.21888,0.224,0.01181,0.52426,0.47574,0.0,0.0
1510,wdbc,0.38418352184662474,0.012362759951469128,0.11118794876905108,1.079028952492299,2.372175261708124,0.0015,0.02417,0.15336,0.48844,0.19609,0.08662,0.03246,0.01208,0.0043,0.00098,0.75164,0.19106,0.04265,0.01465
1590,adult,0.5329335495618921,0.017325936118970073,0.13162802178476313,-0.18357355597011488,-1.3396562332091768,4e-05,0.00047,0.01711,0.1985,0.22084,0.15532,0.29897,0.10805,0.00067,3e-05,0.49255,0.50417,0.00312,0.00016
4134,Bioresponse,0.25945165981046253,0.06782383865415038,0.2604301032026643,0.378334559867545,-1.4174829804451765,0.50016,0.00259,0.02364,0.07756,0.15284,0.12967,0.07269,0.03266,0.00775,0.00044,0.76462,0.22286,0.01252,0.0
4538,GesturePhaseSegmentationProcessed,0.3749621930826126,0.03700885285995983,0.192376851154082,-0.3447484104752146,-1.4077042427158106,0.10523,0.17132,0.11703,0.06983,0.09289,0.43288,0.00695,0.00234,0.00104,0.00049,0.602,0.39565,0.00214,0.00021
6332,cylinder-bands,0.4812057259054181,0.02075339864419697,0.14406039929209197,0.21223815760784503,-0.450384710813617,0.00063,0.01324,0.082,0.22099,0.25917,0.19356,0.15787,0.0593,0.0123,0.00094,0.65562,0.30892,0.03483,0.00063
23517,numerai28.6,0.3918495029283741,0.04572347866364128,0.2138304904910459,0.10566091142375009,-1.3491182576246648,0.06106,0.19837,0.18923,0.05814,0.08497,0.19563,0.15022,0.05293,0.00882,0.00063,0.59122,0.40265,0.00613,0.0
40499,texture,0.25841884147037286,0.010031749346380302,0.10015862092890608,1.1829262484335417,1.899727135713615,0.01815,0.24762,0.49796,0.13047,0.07565,0.02362,0.00584,0.00052,0.00013,4e-05,0.73622,0.20889,0.04184,0.01305
40701,churn,0.5201129411650722,0.02489712761839526,0.157788236628702,-0.2135712383106344,-0.7696415506301393,0.00115,0.01701,0.07625,0.16438,0.1811,0.19648,0.23156,0.11643,0.01528,0.00036,0.63329,0.34164,0.02487,0.0002
40923,Devnagari-Script,0.37738149984771246,0.12828282439016567,0.35816591740444215,0.06090981570946474,-1.9186362325423272,0.5,0.0,0.0,0.0001,0.00133,0.01911,0.13939,0.25281,0.08362,0.00364,0.60875,0.39125,0.0,0.0
40927,CIFAR_10,0.22479689300131242,0.04774839377026914,0.2185140585185977,0.3261612236992409,-1.4313507346886178,0.5,0.00037,0.03281,0.17403,0.18167,0.08082,0.02397,0.00522,0.00094,0.00017,0.79314,0.19473,0.01189,0.00024
40966,MiceProtein,0.3325646702433347,0.02786776944281583,0.1669364233557669,0.4042493985724047,-1.0421597974980676,0.01382,0.30175,0.19598,0.0849,0.20454,0.14279,0.04532,0.00939,0.00133,0.00018,0.63059,0.34959,0.01905,0.00077
40978,Internet-Advertisements,0.5262549246527377,0.02072409719329011,0.14395866487742276,0.6772884110162908,0.32782565445996603,0.00206,0.0,0.02267,0.0,0.54006,0.1422,0.1474,0.05985,0.08128,0.00448,0.81858,0.07122,0.10603,0.00417
40979,mfeat-pixel,0.39478027243448827,0.12038510322404904,0.34696556489664654,0.11768662392229705,-1.845431118343147,0.49569,0.00431,0.00012,0.00241,0.01108,0.03544,0.11781,0.19967,0.11573,0.01774,0.58347,0.41653,0.0,0.0
40982,steel-plates-fault,0.4064287642232964,0.03169901189443197,0.17804216324913594,0.286678610925076,-1.2763794186462945,0.00105,0.10894,0.27053,0.16914,0.08409,0.16478,0.16014,0.04039,0.0007,0.00024,0.58522,0.40919,0.00546,0.00013
40983,wilt,0.5612252391716852,0.026930077003976934,0.1641038604176542,-0.009850151825619352,-1.8427171715417874,8e-05,0.00019,0.00077,0.26718,0.22427,0.02013,0.1263,0.36088,1e-05,0.00019,0.3866,0.61294,0.00043,3e-05
40984,segment,0.5056103946207141,0.019548633189143644,0.13981642675001976,1.1072665244515292,1.4880922509050265,0.0002,0.00132,0.03077,0.16325,0.3471,0.29306,0.07063,0.02726,0.04629,0.02012,0.75642,0.17056,0.06411,0.00891
40994,climate-model-simulation-crashes,0.47603320075641603,0.065164813153471,0.25527399623438146,6.209022107797771e-05,-1.7257928694633924,0.01324,0.15571,0.25217,0.07649,0.00274,0.01995,0.16373,0.25268,0.06139,0.0019,0.54986,0.45013,1e-05,0.0
40996,Fashion-MNIST,0.2860889720301981,0.07509847022047891,0.2740410009843033,0.2909932387768003,-1.594549729256259,0.5,0.0004,0.01204,0.05711,0.11043,0.14306,0.12264,0.04718,0.00693,0.00021,0.73933,0.25776,0.00291,0.0
41027,jungle_chess_2pcs_raw_endgame_complete,0.4897062900913287,0.0467282515569109,0.21616718427391077,-0.2799070134080529,-1.0509555261743244,0.03651,0.08023,0.12276,0.12693,0.11141,0.13034,0.19194,0.16166,0.03674,0.00148,0.61146,0.37269,0.01585,0.0
